id,name,email,description,address,city,state,country,birthdate,password,last_login
3583,Steven Acosta,spencerdonna@example.net,Beat question analysis along painting just defense.,6257 Trevor Neck,Staffordburgh,Rhode Island,Northern Mariana Islands,1974-10-07,qK9+Lov6(z,1971-06-03 01:15:06
234,Michaela Houston,marcusgoodwin@example.com,Program case former physical within forget item seat.,563 Murillo Ferry Apt. 712,Mccoyton,Texas,Saudi Arabia,1977-02-22,$7DJlZoysI,1988-08-08 03:22:59
3231,Brenda Bailey,kaylasmith@example.net,Goal enjoy pattern Democrat behavior able.,7377 Paige Ridge Apt. 295,West Kimberly,Wisconsin,Argentina,2006-06-08,_gD2wML4d6,1987-05-07 12:10:41
1585,Sabrina Hogan,anthonysilva@example.net,Its young drop audience research capital school.,37739 Joshua Landing Suite 272,Derekmouth,Illinois,Cameroon,2014-08-20,@g2iKYzY*(,2003-07-10 11:51:36
5344,Elizabeth Camacho,aaronmoore@example.com,Like study police sea pass.,25634 Vasquez Greens,Lake Joanfort,Virginia,Tokelau,2007-08-20,uG)^6bLaZk,1998-08-11 04:40:15
7788,Katherine Warner,pmorris@example.com,Sport industry decision nation society room.,1780 Nicholson Rapids Apt. 262,Curtischester,Oregon,Eritrea,1974-07-15,(v2DvBJRl9,2000-07-19 21:41:08
5114,Connor Mcguire,samuel30@example.com,Fund weight carry skin.,59111 Gutierrez Trail Suite 553,Jacksonport,Texas,Haiti,1974-10-06,(by6CImy#_,1997-04-25 19:13:37
8901,Jared James,hberg@example.net,Maintain woman least human discuss.,8265 Kelsey Way,Lake Patrick,Connecticut,Cook Islands,1975-12-07,^27SeK#fX^,2015-06-07 08:19:53
9484,Thomas Wyatt,perezrobert@example.com,Drop not themselves.,2273 Smith Points Apt. 084,New Joshuafort,Wisconsin,Mauritania,2012-10-02,$yAr0J5h2@,2010-01-14 13:01:21
8914,Justin Kent,eddiemeyer@example.org,By behavior environment fight someone marriage stock.,77232 Mann Way Suite 654,Vincentville,Texas,Singapore,1990-09-16,JEWlCliV*5,1981-04-20 19:14:16
5847,Troy Scott,kevin17@example.net,There yet tax offer.,2795 Aaron Haven,New Ashleyport,Vermont,Somalia,1973-11-27,snjU5Jk+X*,1996-04-28 19:31:54
4369,Rodney Lynch,smithleonard@example.net,Adult accept her drug.,985 Sabrina Spur,Mooremouth,Utah,Papua New Guinea,2017-05-03,VNI2NaVk+l,1990-03-11 02:28:03
5649,Suzanne Adkins,mark03@example.com,Write campaign listen nearly.,1540 Edgar Mews,South Karina,Arkansas,Bulgaria,1996-10-13,(1fDiaweKG,2003-04-22 04:04:25
2990,Anthony Diaz,youngapril@example.com,Put animal national.,62689 Morton Stravenue,Reginaview,Vermont,Timor-Leste,1984-07-20,^Ek+)zLj@6,1973-08-20 16:17:46
9901,Nicole Baker,sherry64@example.net,Score lot reduce audience business.,672 Kelsey Harbors,Stewartfurt,New Hampshire,Serbia,1970-02-04,5UYtIPs%+R,1972-10-21 08:31:06
2491,Erin Christensen,alexander37@example.org,Daughter size discussion social Republican.,0419 Keith Manors Apt. 869,West Michael,Alaska,French Southern Territories,1999-11-04,%^MKSDnyo7,2019-11-29 07:13:13
1532,Nicholas Kim,uwolf@example.com,Establish best range risk middle save very.,3776 Kaufman Trafficway Apt. 561,Rowlandchester,Georgia,Mexico,1988-05-07,@M6LEjiwqB,1981-03-17 09:07:26
9258,Gina Doyle,lisachang@example.net,Decision would spend others need involve.,406 Sharon Plains Apt. 272,Port Bradley,Alaska,Zimbabwe,2002-05-09,s(fSu6XlfV,2003-02-06 05:42:31
4401,Deanna Delgado,angelarhodes@example.com,Dinner country this.,9630 Thomas Stravenue,North Daniel,Delaware,Turks and Caicos Islands,2009-11-16,EbOU+e3u&0,2014-05-13 04:33:58
5143,Zachary Steele,bjohnson@example.net,Learn election education.,2676 Marilyn Summit,Harrisport,New Mexico,Mongolia,1995-12-13,q3JzaTKt@),2007-05-29 00:32:01
9378,Jennifer Estes,shelby74@example.org,Just right thank hundred.,837 Barrett Fields Suite 371,Hoopershire,Hawaii,Macao,1971-01-27,+%qo#4Lrek,1994-08-07 04:26:14
1665,Brianna Mitchell DVM,ksmith@example.net,Realize great kid.,4226 Moreno Junctions,Johnbury,Montana,Gibraltar,1985-11-12,T&7Es7Pv(A,2018-09-14 08:29:08
6712,Joseph Young,brettferguson@example.com,Their well drug themselves.,969 Clark Fords,Nathanburgh,Nevada,Palestinian Territory,1983-03-08,Y1V27m^P#Z,1992-04-15 11:31:58
3355,Caitlin Powell,kfuller@example.org,Candidate look president hair list.,950 Alvarado Green Apt. 209,West Brittanyshire,New Mexico,Paraguay,1980-08-06,K4ZHQzt^^5,1991-12-24 06:37:47
1014,Danielle Morris,ashleyhaynes@example.com,Visit heavy alone nor instead.,531 Miller Trace Apt. 698,Lake Robinberg,Washington,Dominican Republic,1970-07-08,l_#7Zl!zCy,2023-05-11 00:58:52
9482,Deborah Carson,lfrench@example.net,Southern if stage long because west.,8455 Kelly Orchard Apt. 578,East Natasha,Washington,Kiribati,1987-09-30,o4oXvS*S+m,2018-11-08 16:16:23
9464,Paul Hunter,myerschristina@example.org,Provide idea election feeling no choice.,4298 Anderson Ville,South Natasha,Louisiana,Angola,1990-04-05,tj1%HSvo(Q,1973-08-10 08:18:44
1572,Natalie Adams,xcruz@example.com,Vote foot media mother life behavior.,32448 Kurt Spurs Apt. 036,Smithshire,California,Australia,1993-12-10,@)A03FXvG7,1986-08-19 06:19:58
7050,Jody Mendez,deannareilly@example.com,Card friend beat culture partner free reflect.,726 Dorothy Divide,Sandramouth,Missouri,Somalia,1973-06-28,(s5J8xIKM#,1994-04-26 03:40:17
3471,Melissa Drake,jasondean@example.com,Might everything while give.,473 Figueroa Port,North Robertchester,Arizona,France,1977-04-09,*c6Z2U@e$!,1993-10-22 10:20:56
4622,Mrs. Erica Hernandez MD,john93@example.org,Remain health two cultural ago value.,636 Lopez Path,Kimberlybury,Alaska,Cuba,2000-01-13,5q6FSZkp!#,1971-07-25 12:17:08
6381,Kelsey Spencer,marksmith@example.net,Relationship run stage fine compare.,6481 Jacqueline Light,Lake Tammie,Massachusetts,Slovenia,2003-10-22,^jLY9TDxn!,2018-02-12 10:16:22
9716,Derek Neal,starktonya@example.org,Type factor resource bad.,1146 Briggs Heights,Lake Katelynfurt,California,Zambia,2006-09-13,j%Q29XgA!n,2013-06-28 00:47:37
8278,Jacob Taylor,jenny42@example.net,Test summer national traditional and.,75333 Tony Mill,West Amberhaven,South Carolina,Romania,1988-05-12,$mLb3kw04W,1991-11-18 21:49:40
9440,Veronica Salazar,ashley68@example.com,Leg pull popular listen hit.,371 Tara Mountains Suite 475,Mccallmouth,Washington,Niger,1993-12-29,!42Jo+t#@o,2018-06-18 15:12:31
589,Elizabeth Reyes,nholloway@example.org,Employee end anyone fast hard understand door.,2346 Snyder Lakes,West Leslie,North Carolina,Liberia,2003-02-24,7W0WcsxPq!,2003-09-04 17:14:24
3544,Jeffrey Ramirez,kayla27@example.net,Song left stage matter own nor.,507 Silva Mission Suite 812,North Shelby,Wyoming,Brunei Darussalam,2013-03-19,#*27OCQo&Y,2023-06-12 17:04:05
431,Jennifer Poole,bschneider@example.net,Discuss moment yeah effort cover skin.,43070 Reynolds Land Suite 314,Johntown,Texas,Mexico,1986-05-04,r5!3mAKo_p,1993-09-14 22:49:42
3910,Jeremy Moran,iward@example.org,Bar commercial man for environmental community.,72661 Michael River,Patrickberg,Missouri,Jamaica,1988-05-27,$f3(OabwXF,2006-10-14 07:37:14
8640,Alexander Dominguez,ibradley@example.net,West mind parent attorney style until.,305 Evans Mountain,East Zacharyview,Kansas,Cuba,2006-09-23,fp67PZw+U+,1980-03-22 04:05:01
5570,John Smith,davidmoreno@example.com,These leader which remain.,391 Lee Stravenue Apt. 116,New Cynthia,Kentucky,Puerto Rico,1978-10-25,^*6XgHhR2f,1989-07-08 20:24:25
2880,Carla Jimenez,ebishop@example.com,Market inside store allow establish.,5297 Torres Walks Suite 583,Jessicaport,Illinois,Gabon,2003-06-09,+55Om%b(!S,1992-06-23 21:23:39
825,Benjamin Kidd,noah45@example.com,Conference study article difference suggest information its.,2483 Tanya Ford,Whitemouth,Missouri,Gabon,1987-11-01,UL(6YURypN,1977-01-03 23:20:27
6205,Sheila Yang,lopezcrystal@example.net,Old agent somebody interview.,0980 Manning Circle,Smithview,Virginia,Nigeria,2018-08-03,A$d3ENhqje,2009-10-25 09:59:43
8885,Joel Dunlap,tonylopez@example.org,Example support development within.,36155 Robinson Center,Taylorshire,Tennessee,Bermuda,2023-04-03,+i917jYLp%,1971-02-15 20:56:30
1809,Alyssa Vincent,benjamin13@example.com,Catch run thousand leader how peace play.,64116 Cook Club,Arellanofurt,Mississippi,Sierra Leone,1993-05-28,$Jd0*mPv&!,1996-05-17 20:06:15
8003,Krystal Murphy,jking@example.net,Discuss boy cut public environmental third.,678 Marie Summit Apt. 241,North Jasonland,Massachusetts,Sao Tome and Principe,1980-03-22,9cihV8Ugi%,1979-08-09 16:54:07
1976,Justin Evans,jillstone@example.net,Better police stay different probably Mr president final.,177 Ryan Harbor,Heathermouth,New Jersey,Bosnia and Herzegovina,2003-10-04,%05FT3hZ@),1994-05-05 05:40:22
696,Peter Williams,kelleygregory@example.com,With go your share media.,2192 Cooper Pike,Angelashire,Hawaii,Singapore,1991-07-14,Kh3RG$Rk#Y,1970-04-26 18:13:01
6349,Claudia Anderson,nancyriggs@example.com,Different third between ten large.,3600 Harris Expressway Apt. 440,Ashleychester,Missouri,Afghanistan,1994-11-16,bUp*a3Id)1,1976-08-29 05:15:55
7987,Savannah Brooks,kimberlyberry@example.org,Often contain after against some clearly wall.,9881 Lyons Stream,Floresview,Mississippi,Algeria,2015-01-26,i+7DPCTopT,1984-12-12 12:30:30
9687,Susan Johnson,thorntonjoseph@example.com,Fly begin page tough yourself feel office.,29831 Mora Passage,Anthonyside,West Virginia,South Georgia and the South Sandwich Islands,1979-09-10,A3XsTdi#_),2009-01-16 22:49:53
5716,Annette Bell,jeremy35@example.net,Strategy medical mean they whole international push.,5255 Villegas Fall Suite 199,Careytown,Illinois,Nicaragua,1986-09-22,C@M0v75n$V,2008-11-04 22:15:06
7846,Jennifer Orozco,bhamilton@example.com,Nearly history statement case.,397 Joseph Ferry,Danielhaven,Arkansas,Jamaica,1983-02-16,$45TFSqcQj,2021-05-19 23:23:50
1091,Albert Taylor,hadkins@example.net,Too her discover nature argue each.,69066 Alejandra Row Apt. 962,New Shannonmouth,Delaware,Saint Helena,1975-01-19,@G(6Pvhg+$,1997-08-06 01:14:11
2462,Karen Pollard,jeremyevans@example.net,Fish whatever young discover role action town.,045 Pratt Harbors,Kathleenmouth,Utah,Palestinian Territory,2023-03-16,%1krN$JnzS,2000-05-08 18:52:18
8872,John Perkins,towen@example.net,Your production very medical kitchen.,958 Avila Falls,South Gwendolynchester,New Jersey,Yemen,2006-07-09,A#0$FJ7u%*,2007-10-11 21:28:23
350,Makayla Brandt,marysmith@example.net,Class star ball yet.,853 Ann Stream,Pattersonbury,Illinois,Australia,2014-10-22,!L03+ENzx%,1990-10-07 11:13:35
7544,Christopher Romero,woodscameron@example.com,Condition woman return he.,589 Andrew Inlet Apt. 574,Whiteland,South Dakota,Turkmenistan,1972-02-26,t&42SjlcB!,1990-03-21 07:13:10
5259,Megan Garza,abigail40@example.net,Share magazine never country natural tree.,68348 Charles Mission,Lake Michele,Maryland,Palau,2008-05-26,a4PJnoSI_X,1999-03-29 23:55:35
7816,Brooke Watts,thomasmitchell@example.org,Company nor cold.,785 James Shoals Apt. 704,North Jamesberg,Arizona,Trinidad and Tobago,2008-11-28,nu8oVv+kT*,1970-01-29 16:03:55
7724,Heather Campbell,jessica33@example.net,Truth late standard do much score allow.,329 Grant Trafficway Apt. 964,Gomezville,Indiana,French Southern Territories,1984-08-23,(v6WcQrOm8,1998-12-16 14:25:59
2800,Stephanie Mata,amber18@example.org,Difference let cover leg several.,3737 Cortez Grove Apt. 808,Dayport,Tennessee,China,1992-04-25,(h0bYULf(j,1991-04-21 22:14:14
9606,Robert Keith,pricetina@example.com,Carry arrive car among daughter boy.,492 Thomas Shores,Port Lauratown,Massachusetts,Ukraine,2005-08-09,4gHWbR0c%7,1978-12-17 01:18:59
9269,Joshua Miller,lancesilva@example.com,Staff however participant choose but game meeting.,5190 Dawn Drive Apt. 294,Jasonton,Minnesota,Pitcairn Islands,1989-06-26,F^T(4dZa9r,2000-09-11 05:25:20
3182,Matthew Murphy,lwilliams@example.com,One alone everything involve road one.,332 Wright Mills,East Williamtown,Wisconsin,Zambia,2020-03-19,#6Z1Qyr#uk,1970-02-28 07:34:14
3568,Dawn Bennett,cainyvette@example.com,Morning human both whole.,39593 Christopher Unions Suite 287,Lake Jasonfort,New Hampshire,Moldova,1979-05-11,wG0&6AwiB#,1970-05-20 06:39:02
5664,Jeffrey Cook,nmyers@example.org,Garden rest discuss party stuff nature experience.,87551 Lisa Court,West Richard,Ohio,Bulgaria,1978-02-19,T49EJnud)h,1988-06-04 16:50:01
5285,Jay Richardson,johnmora@example.org,Indeed town tree field note conference.,44804 Wiley Extension,North Amber,Wyoming,United Kingdom,1974-05-29,1t2_NXTc*^,2006-07-02 05:27:36
1449,Lori Quinn,barbarahoward@example.net,Probably human keep.,9663 Spencer Flats Suite 868,Emilytown,New Mexico,Pitcairn Islands,1987-06-25,Z!7gM@Uk9^,2007-03-25 16:13:24
5861,Monica Anderson,santiagodeborah@example.net,Night laugh their listen work environment history.,4932 Joan Knolls,South Troy,Florida,Central African Republic,1972-05-15,O@3Im^s)g^,1997-03-26 20:28:40
3140,Matthew Kirby,bradley13@example.org,Upon peace our wait attack sure floor.,2718 Valdez Stravenue,Lake Lanceview,New Mexico,Northern Mariana Islands,1971-08-19,PVH3HR0s!!,2001-10-12 05:03:00
1052,Keith Coleman,patrickgoodwin@example.net,Fire training reduce mean.,84018 Turner Forge Suite 890,Josephchester,Florida,Dominican Republic,1984-03-22,$RW#Nd6)&0,1981-05-12 14:03:52
2817,Alexander Reynolds,bradleyvang@example.org,Contain to garden else state trial.,29653 Holland Roads,New Gary,Florida,Norfolk Island,2000-01-27,7)+3FSPdbt,1980-11-12 16:36:03
4979,Adam Eaton,griffinbrandi@example.com,Me management there action morning.,487 Willis Knoll,Amandamouth,North Carolina,Guinea,2005-06-15,ytD(3hpv_9,2018-06-11 21:23:09
7647,Bobby Robinson,allisonpatterson@example.org,Production at through seek drug condition.,583 Kristina Hollow,Sharonton,Arkansas,Saint Barthelemy,1985-11-23,$+t_0$Ti*k,1978-09-18 09:26:04
7511,Monique Adams,amandawilliams@example.net,Poor kind see attorney.,7257 Adam Drives,Eatonside,Oregon,Belarus,1977-04-15,nk5fRzfLs&,1976-06-20 00:26:03
6555,Kathleen Jennings,alexander99@example.com,Hospital Republican ever thought cost become.,8306 Townsend Landing Apt. 188,Millerland,Delaware,Vietnam,1977-09-17,+5Gl%_r_2s,1983-03-31 14:06:46
154,Dana Hernandez,wandapham@example.net,Trip thing eat still.,980 Warren Village Apt. 499,East Taylorton,Ohio,Micronesia,2003-11-22,b1Lw5L6C+o,1971-02-25 00:14:50
5746,Julia Howard,sarahwebb@example.org,Maintain hand down oil during federal woman.,46729 Mathis Corners,West James,Utah,Hong Kong,1978-05-24,qPwVaYH!%4,2007-10-14 10:47:33
2595,Christopher Villegas,jenniferharrison@example.org,Same some tonight industry traditional necessary open.,535 Wright Union Apt. 202,Davidside,Maryland,Antigua and Barbuda,2022-02-28,YIOxvtsy!5,2001-03-30 23:21:01
8433,Shannon Cruz,laurenhaynes@example.com,Analysis blue challenge establish necessary.,879 Jimmy Ville Apt. 287,Trevorchester,Wyoming,Qatar,2006-06-10,%h4T*x9*n4,2018-06-08 23:01:38
5590,Shannon Ruiz,daniel28@example.org,Like policy receive most new each.,4165 Phillips Glens Suite 444,Garciamouth,Hawaii,Vietnam,1996-08-21,PE3FQk^x%A,1997-09-27 21:39:22
7994,Sean Payne,aromero@example.com,Word bag cultural although executive east music one.,2590 Ortega Mills,Lake Steve,New Hampshire,Mayotte,2020-10-06,W91ERjbc%1,1994-12-07 18:03:29
5804,Kelly Stewart,trevorcole@example.org,Season security officer every.,91191 Eric Spring,Westtown,West Virginia,Benin,1983-07-08,+MR5yMg&SV,1977-02-28 21:16:10
4281,Brian Oneill,kmckenzie@example.com,Last world catch bad focus.,3318 Johnson Keys Suite 659,North Richardhaven,Utah,Denmark,2022-11-11,+Z@28Jdg$u,1993-05-22 09:10:27
5574,Kathryn Holden,hillkathleen@example.net,Strategy born air evidence.,908 Townsend Fords Apt. 315,Ellisport,California,Guernsey,2020-11-17,lL(20f(sa@,1999-03-23 00:20:12
2358,Timothy White,davidcarpenter@example.net,Despite two imagine.,237 Williamson Mill Apt. 126,North Melissafort,Nebraska,United Arab Emirates,1987-04-22,tV5(VLyc$9,1974-06-23 06:25:24
9724,Jessica Ball,gregory52@example.net,Far ability program summer rest environment purpose as.,223 Norris Court Suite 869,Ashleymouth,Maine,Croatia,1995-11-23,J69Mlu$L^W,2014-11-10 01:01:56
6760,Julie Olson,michael19@example.com,Stop pattern dinner change property yeah.,0778 Wilson Rue,Connieberg,Nebraska,Nigeria,1998-11-08,+4_6MBh(ju,2006-03-22 11:57:10
2894,Caleb Wilson,charles79@example.net,Indeed item voice size Mr care machine.,9514 Keith Trace Suite 926,Port Hollymouth,Virginia,Qatar,2003-03-10,*4J!i52$*7,1984-06-15 02:55:42
6062,Debra Gonzalez,jimenezdarrell@example.org,Apply rate answer firm piece act language accept.,8044 Martinez Trail Apt. 837,Reillyport,Florida,Gabon,2001-10-01,*6PaEvp4V6,2013-04-17 14:44:02
1810,Cassie Gould,michael44@example.com,Purpose race determine lay campaign become huge however.,871 Lisa Drive Apt. 724,Christinaville,Indiana,Benin,2011-08-21,t_g4KS$xgM,1983-04-28 15:34:46
9624,Ann Mcfarland,brianalexander@example.com,Girl democratic late why data.,909 Xavier Gardens Suite 892,Patrickhaven,Tennessee,Vietnam,2021-11-03,p7!9!eM3+3,1996-03-16 04:02:56
2978,Elizabeth Moore,vickimata@example.net,In majority town international century guess.,8151 Kenneth Ridge Suite 938,West Joshua,Kentucky,Argentina,2019-03-31,%cJqb@)TR9,2015-09-23 03:05:04
7011,Dorothy Peterson,fjackson@example.org,Field scene cut easy hit tax girl.,086 Jones Pine,Barkerchester,Maine,Mongolia,1973-03-09,#Y5PUHrj98,1998-10-11 17:06:31
6514,Russell Baldwin,keith18@example.net,Get west shake.,8553 Garza Hollow,Andersonmouth,South Carolina,Western Sahara,2015-04-10,tR0QAyV5a@,1979-10-27 00:45:35
1126,Matthew Johnson,xmercado@example.com,Beyond no agreement.,115 Long Green Apt. 211,West Kimberlyborough,Vermont,Bosnia and Herzegovina,1981-10-08,CP(8Ung1)#,2009-09-03 00:21:05
2419,David Smith,benjaminburgess@example.com,Prepare if about pick.,07598 Prince Burgs Apt. 375,East John,Oklahoma,Western Sahara,1993-04-26,i@8KlzA+$Y,2024-05-25 14:30:15
7718,Kevin Manning,iking@example.com,Be take him miss letter.,75501 Castillo Extensions,East Phyllisfort,Texas,Aruba,1974-12-27,t!1QiSuT+C,1994-01-18 19:06:43
1709,Sandra Scott,alexisflynn@example.org,Trip board some couple.,4950 Amber Port,Christinebury,Montana,Cayman Islands,1978-03-21,)1S12C@q(@,1993-02-26 13:07:47
2474,Linda Gonzalez,derrick65@example.org,Give get determine finish language phone near when.,5559 Elaine Plains Suite 436,Rebeccastad,Texas,Mayotte,1987-11-27,P^0GzJjTgp,2011-12-03 06:17:08
7950,Ms. Maria Bradley,melissa21@example.com,Sea thought wind idea letter onto computer.,549 Kelly Inlet,Lake Robinshire,Iowa,Afghanistan,2003-06-27,jH68LlPb$!,1979-01-09 16:55:11
9659,Rebecca Levine,elaine85@example.org,Toward stuff poor.,43438 John Burgs,New Calvintown,West Virginia,Ukraine,2011-09-24,k$77Oal+yy,2001-11-09 15:34:34
4089,Emily Short,bkane@example.com,Into today example activity college drive everything.,12344 Jennifer Path,New Mary,North Dakota,Wallis and Futuna,2004-05-06,@@RH7X3l6!,1993-04-30 18:28:01
4268,Carol Gordon,westrada@example.org,Dream cup sometimes occur tough.,055 Jerry Alley,Fritzmouth,Connecticut,Cape Verde,1993-10-10,^pJRqSUx%4,2015-08-21 17:06:03
3973,Cory Patton,thomasmadeline@example.net,Student challenge get evening.,626 Willie Knoll,New Stacy,Kentucky,Cayman Islands,1994-04-27,pZ2qv^+Z(6,1977-06-28 16:11:48
3621,Michael Wiggins,scott65@example.com,Environmental strategy Democrat know on commercial often.,7388 Bolton Hill,North Christopherfort,Montana,Cambodia,1999-12-08,@30wvVGprp,2016-08-02 05:39:28
7617,Michael Carter,andersonchristopher@example.org,Garden five town father police.,834 Walker Valley Suite 682,Brianside,North Carolina,South Africa,1993-03-24,j6v^1JmX&s,1975-05-18 11:33:28
1508,Jodi Noble,torreslinda@example.org,Sing ground interesting not.,756 Brown Shores,North Joy,Arizona,Burundi,1998-04-09,6$1WVxjqPO,2014-06-10 12:40:05
8924,Anna Delgado,felicia12@example.net,Loss wonder impact knowledge serious.,7607 Kyle Field,West Kellyside,South Carolina,Nicaragua,1990-03-18,fUSkvOSw*0,2016-01-05 20:42:44
6267,Lisa Fox,joe67@example.net,Wish project article visit life.,5247 Smith Pines Suite 718,Michaelhaven,Georgia,Gambia,1974-12-24,vu2msZw04^,1977-05-20 07:51:14
820,Kayla Reed,derek23@example.net,Skill man nature return again interest dream fight.,413 Richard Court,Lake Nicolemouth,Oklahoma,Iraq,2008-12-24,nM4!QTalN#,2008-01-10 00:45:17
9150,Daniel Rodriguez,jennifer98@example.com,Light must Republican value offer method least.,294 Erin Extension,Theresachester,Tennessee,Nauru,2012-10-02,xOLI0Ygj_2,1986-02-06 11:40:35
9088,Jennifer Yates,johnlyons@example.com,Rock sea add there establish have.,387 Schultz Port,New Adam,Wyoming,Solomon Islands,2016-07-02,_cIRDE*1t7,2000-04-30 20:39:28
342,Joshua Peters,mark09@example.net,Fly involve herself song.,046 Wilson Hills,Timothychester,Iowa,United States of America,2000-08-15,)(0U5d3U*R,1993-09-27 01:49:15
8234,James Maynard,cosborne@example.org,Night skill animal leader house less thing manage.,996 Rebecca Motorway Apt. 548,Russellview,Hawaii,Heard Island and McDonald Islands,1993-09-01,CuL0oUMe*L,1980-09-05 19:10:19
1783,Angel Santos,morganalexis@example.com,Best form accept story local result.,57783 Morrison Parkways,Shortmouth,New York,Mayotte,1996-07-14,oCFJlXsz)4,2002-06-30 21:31:34
3527,Jeremy Murray,edavis@example.com,Career whatever tough world better successful benefit.,839 Stone Canyon Apt. 759,Tiffanymouth,Wisconsin,Djibouti,2008-11-02,0$1Rlbf52F,2010-05-28 13:05:58
5863,Brandon Singleton,patrick40@example.com,Still color view all.,24906 Christina Circles,Port Davidport,Delaware,Australia,2005-10-13,*$izXd&IO3,1971-09-30 12:01:54
7463,Michael Lewis DVM,mitchellzachary@example.com,Accept attorney reflect color.,01870 Kathleen Loaf Apt. 275,Davishaven,Kentucky,Qatar,1994-01-20,P50SDXJy^b,1992-03-12 15:31:06
971,Lauren Sanchez,jessica79@example.net,Small start concern assume from meet.,5771 Osborne Centers,North Alexander,Colorado,South Georgia and the South Sandwich Islands,2018-01-10,&8+DtYv4ze,2017-04-23 12:49:30
7994,Benjamin Arellano,ooliver@example.org,Per card change compare enough director.,981 Heather Court Suite 853,New Anthonychester,Alaska,Papua New Guinea,2014-08-20,q+7AsPsSxu,2018-03-11 01:51:15
942,Jessica Ray,gutierrezcarol@example.com,East move talk degree somebody.,39620 Bailey Ford Apt. 347,North Sheila,Minnesota,Guinea-Bissau,2007-05-02,&#d4OLKdJl,1996-05-05 09:39:51
7647,Brandy Taylor,millerbetty@example.com,Gas popular bag might run.,193 Torres Centers Suite 436,West David,Maine,Chile,2007-05-28,*pg7Alo&^+,2007-05-12 13:15:01
2718,Brandi Thomas,privers@example.com,Best pressure together face ten people quite.,78986 Corey Divide,Port Markfurt,Wyoming,Kazakhstan,1998-02-06,oK2YZekpf(,1985-09-03 09:44:57
2843,Jason Watts,imiller@example.net,Develop want production price successful life local.,02906 Mason Prairie Apt. 540,East Jonathan,Maine,Ecuador,1981-12-26,XxX%6D!zPR,2018-02-09 08:01:12
4045,Rachel Morrow,matthew17@example.com,Everything use me company affect per.,9807 Reynolds Station Apt. 877,Port Ashley,Delaware,Iceland,2012-10-17,^O3!GMu&h7,1976-04-13 13:16:32
9106,Donna Collier,tyrone81@example.com,Share onto during Congress degree.,187 Carol Shoals,Lake Dawn,Indiana,Heard Island and McDonald Islands,1971-05-09,dnCGTdd!(3,1976-07-27 23:21:10
9167,Shane Allen,jeffrey27@example.net,Surface economic difference.,8602 Hannah Key Suite 114,Joshuastad,Hawaii,Spain,1978-01-27,#F#V1Hh$AC,2022-11-19 04:35:39
1462,Roberto Blanchard,joseph77@example.com,Family read kid.,126 Rhodes Estates,Alyssaberg,Hawaii,Ethiopia,1972-05-06,^7ECkN7g3x,1974-09-19 14:51:26
9251,Miss Colleen King MD,gutierrezmary@example.com,Road contain consumer.,31860 Jennifer Camp,South Devinbury,Colorado,Turkmenistan,2016-05-06,Y16UWbA@+X,2024-03-26 21:30:09
7265,Corey Phillips,jackson95@example.com,Number street national maybe billion note.,407 Meyer Groves,Pricechester,Florida,Spain,1995-01-17,T5BPxQkN+O,2017-02-09 06:34:48
8975,Robert Berry,littlerebecca@example.net,Situation free under ago staff.,56025 Jack Turnpike,Langland,North Dakota,Ireland,2020-05-28,+K2N4ACbg+,1980-05-07 08:13:13
8581,Patricia Baker,lwhite@example.com,Trip site forward.,720 Anderson Causeway,North Rodney,North Dakota,Myanmar,2023-04-07,@iE82mtM%2,2002-03-27 18:35:51
2233,Donna Bauer,alexanderreed@example.net,Beyond from hope woman.,77458 Rodriguez Walks Apt. 111,New Thomasfurt,Vermont,Grenada,1990-11-10,+sZvHMxx83,2004-09-17 14:50:06
5063,Wendy Duarte,carolmartinez@example.org,Win short why difficult.,968 Johnson Pine Apt. 701,Bennettport,Texas,Eritrea,2009-07-31,GQDm7PwvP+,1987-11-24 10:41:13
5127,Julia Hernandez,thomasruiz@example.com,Price some trade marriage.,692 Luis Inlet,Ernestfort,Kentucky,Italy,2015-04-16,X4!uK*#t_A,1981-02-11 22:01:53
7181,Laura White,adunn@example.org,Movement article project just throw thus nearly.,170 Daniels Lock Suite 780,East Renee,New Hampshire,Maldives,1978-09-29,L+9HJlIr%R,2017-10-26 14:06:06
6300,Erica Vargas,dunnlinda@example.org,Service how south during.,74120 Robert Manors Apt. 614,Port Jessicaburgh,Oregon,Faroe Islands,1979-10-29,V9yJVNy!%z,2004-09-21 11:25:33
715,Caleb Clayton,qstone@example.net,Argue Republican news charge management loss or.,650 Christopher Mountain,North Thomas,Virginia,Comoros,1980-06-14,@OZ)ddB81K,1982-04-30 15:36:43
1651,Kimberly Compton,oacevedo@example.com,Often week early miss generation.,07108 Larson Views Apt. 242,Hernandezmouth,Oregon,Cambodia,1979-11-30,K^Y3CCBbo%,2007-11-01 23:24:45
9469,Stephanie Shepard,jamesmurray@example.com,Capital yourself out.,02769 Matthew Park Apt. 003,Port Nancyside,Texas,Kenya,2022-08-14,y&GM3XauZA,2005-06-03 03:28:26
6541,Juan Medina,alexisjohnston@example.net,Long coach prepare easy method upon today.,288 Cervantes Ports Apt. 698,Erinview,Montana,Antarctica (the territory South of 60 deg S),2013-05-18,yu2YBwIM9%,1991-10-15 23:12:41
5553,William Arnold,april06@example.org,Green child source task which.,8786 Carney Greens,South Brenda,Massachusetts,Sierra Leone,1984-07-20,mr5cWZsk^_,1996-10-12 22:52:10
5203,Samuel Martin,stephaniebaker@example.org,Seem course expect attack international court wear.,72316 Richard Village,Foxport,North Dakota,Guinea,2007-07-18,w%%nGCnk!8,1979-11-05 14:59:50
3206,Eric Walker,john68@example.com,Never record pass wind best agree.,877 Melanie Burgs Suite 673,Chapmanmouth,Colorado,Belgium,1970-11-27,$l5WY7GZf2,1988-09-27 05:49:12
1913,Matthew Lopez,ucarson@example.net,From TV chance number wall.,2415 Carter Groves Apt. 892,Smithside,Massachusetts,Ireland,2016-07-02,qK5ZKb(f*m,1990-11-26 19:40:27
6775,Dennis Berry,lanewayne@example.org,Back represent new.,655 Holloway Corner Apt. 647,Ballstad,Wisconsin,Saint Kitts and Nevis,1998-03-17,4D#@$Vee$2,1975-03-18 05:59:04
3771,Tony Jones,robertmiller@example.com,Strong word large short term.,1674 Angela Spur Suite 710,Port Scott,Missouri,Namibia,1974-10-27,s*4jbEue!$,1981-05-26 13:44:58
4777,Diane Washington,vhodges@example.com,Response company gun challenge couple movement.,38270 Makayla Underpass Suite 728,Randyview,New Mexico,Saint Martin,1990-04-25,51OBw4ZV%v,1998-01-26 07:51:25
4000,Carlos Miller,khanhelen@example.org,Book former unit hundred strategy pull.,185 Dawn Oval,Jonesberg,Mississippi,Turkmenistan,1973-12-25,cS7UnYQjA@,1973-06-26 04:45:49
5719,Sharon Peck,pamelasmith@example.com,More should also.,280 Murray Estates Suite 109,Wolfton,Maryland,Iran,2001-08-13,e)W69DAj04,1990-11-23 10:29:22
7818,Anthony Sandoval,jasmine16@example.com,Pay appear base.,0054 Michael Islands Suite 636,New Robert,Tennessee,Saint Lucia,2009-07-02,cjGUMDPt*2,2023-11-28 11:25:51
367,Tonya Lewis,bakerdonna@example.com,According product news key group must executive.,2441 Fuller Lakes Apt. 615,Yvonneland,Michigan,Niue,2003-10-11,+bVrV0uCp7,1995-09-09 12:13:30
6573,Jeffrey Simmons,bradleypaul@example.net,There assume lose prove suddenly.,56229 Sloan Springs,East Jason,Mississippi,Liberia,1985-08-30,&k!WFftgU0,2024-01-17 22:28:18
5392,Robert Boyd,ricedylan@example.net,Hair watch establish strategy yourself though.,3131 Montoya Land,Port Stephanie,Wisconsin,Jamaica,2006-03-16,&8QB0%Rv&G,2010-04-27 09:41:25
9151,Eric Walker,deborahsmith@example.net,Relationship before idea.,07486 Calvin Tunnel Apt. 762,Christophermouth,Nevada,Indonesia,1980-12-22,%0@^V3im0R,2020-01-11 18:23:21
5242,John Kelly,romerophillip@example.com,Dog between officer wide continue threat.,39372 Parker Mill,Carrillostad,Florida,Lao People's Democratic Republic,2011-02-20,eD1vDVa)*5,2021-01-15 07:19:15
9643,Betty Williams,fordgary@example.org,Only wonder lay thousand.,2863 Joseph Street Suite 220,Port Jenniferport,West Virginia,Norway,1970-10-20,(R*2Ykvtjn,2022-04-18 05:48:31
7998,Christopher Roberts,lbrown@example.org,Since before help reason show door.,12846 Derrick Stream Apt. 230,Port Edgar,Wisconsin,Romania,1987-05-09,+jX&uDvvK3,2002-01-16 15:22:03
4148,Kelly King,anthony90@example.org,Experience it garden before dark.,925 Patton Stravenue,Estesstad,Tennessee,Vietnam,2016-10-12,RS2GfoYd^4,1979-05-01 08:46:52
5183,Donna Combs,grossgregory@example.net,Rock ground while people.,90378 Keith Place,Port Tammytown,Arkansas,Palestinian Territory,2012-10-16,!m7LVcSpWT,1986-02-05 00:35:29
3250,Alfred Perez,wilsondaniel@example.com,Central million rest response.,983 Charles Road Suite 931,Carrieside,Utah,Holy See (Vatican City State),1975-09-24,EP$0Wvh1&m,1992-09-11 21:35:24
8751,Jennifer Jackson,kennethbennett@example.com,Direction growth research real.,24572 Esparza Roads,North Paul,Wyoming,Canada,2008-06-26,8Pt(1CQi6U,1981-08-02 04:44:06
9390,Patricia Wilcox,katelyn53@example.org,Imagine in away least oil week.,167 Tiffany Rest Apt. 227,Connerville,Alaska,Barbados,2015-01-19,E+0DpV&wL+,1975-06-24 07:35:35
7483,Erin Davila,seanwilson@example.com,Show decide open cut.,08863 Patel Prairie,Reneeberg,South Dakota,Falkland Islands (Malvinas),2022-04-09,^p4Saadv@y,2014-04-11 20:45:48
8901,Brittany Snyder,williamcunningham@example.com,Democratic standard your.,369 Theresa Mission,South Allisonville,Hawaii,Eritrea,1994-05-08,J4HVlu!N*M,1991-09-14 13:50:58
326,Amanda Gregory,sheilasmith@example.net,Small accept trial support ask late.,019 Kenneth Walks Suite 955,West Davidshire,Florida,Brunei Darussalam,1996-05-26,80Q$Jtxq+Y,1970-11-17 00:39:22
556,Thomas Huff,estephens@example.com,Property discover military detail smile security president.,031 Maynard Ports Apt. 064,Nelsonfurt,Nebraska,Turks and Caicos Islands,1988-09-21,+8ENAjAnmL,2016-06-21 02:36:18
2234,Seth Crane,conleymark@example.org,Arrive movement attention Mrs section people same also.,82977 Alexis Valleys Apt. 121,Ryanfurt,Minnesota,Pitcairn Islands,1983-02-23,_9^1C3Rosg,1993-08-06 21:34:23
2848,Pamela Pineda,walshtyler@example.org,Old performance light back science.,88944 Mary Extension,Weeksburgh,Missouri,Isle of Man,2014-04-08,A@NbUxdG*8,1997-09-11 00:14:28
9712,Melissa Casey,michael29@example.org,Media party baby adult.,333 Linda Lodge,Port Ryan,Washington,Monaco,1981-03-08,XB_Ik#ni*6,1970-04-06 16:24:42
4955,Amanda Brown,brittany90@example.org,Force where never form approach off decade.,52397 King Groves Apt. 408,Teresaview,Virginia,Montenegro,2017-05-25,^2VRLVgv(0,2001-08-24 21:31:35
5144,Matthew Lindsey,allenjohnston@example.com,Enjoy bring quickly attorney beat yet explain.,322 Duffy Ridges,South Bruce,Arkansas,Kuwait,1997-01-04,Qt39IsLx#b,1972-03-02 02:32:22
9378,Sandra Todd,scottrussell@example.org,Some scene natural true you.,06609 Laura Courts,Thomasstad,Oklahoma,Germany,1993-11-22,#4lBCLtKId,2003-07-29 08:59:30
8073,Michael Dean,tracy04@example.org,Little argue card wrong main.,27877 Anthony Skyway,Kellymouth,New Hampshire,Barbados,2018-09-27,%7OAgkfF86,1995-10-17 23:45:23
586,Mary Ruiz,baileyjason@example.net,Discussion break trial.,280 Pittman Trace Apt. 699,Lake Michaelland,West Virginia,Jordan,1974-10-28,2q@Ia$Qo%3,1974-07-11 22:47:18
9449,Jason Harris,jessica91@example.org,Fast while five bank begin positive bank.,29349 Choi Glens Apt. 160,South Eric,New York,Kyrgyz Republic,2006-09-20,or!VUDmo$4,1998-04-18 18:32:53
2848,Jennifer Velazquez,haileycox@example.com,Happy course money like several.,38589 Mackenzie Fork Apt. 772,North Randy,Georgia,Lebanon,2001-12-23,NtD4aYEq3!,2013-01-28 08:28:13
5190,Kara Benson,mcneilandrew@example.org,Here local threat daughter fall sense.,2298 Hoffman Run,Phillipview,Georgia,Netherlands Antilles,2023-03-05,)cO8abub5c,1973-05-08 19:28:41
5306,Julie Mercado,bonniemitchell@example.net,Tv war set administration just.,8790 Amy Passage Suite 096,South Joseph,Mississippi,Kenya,1985-01-11,^WKdkAEVT2,1984-01-18 23:34:15
6721,Charles Willis,allensusan@example.org,Choice leg clear daughter.,70658 Carter Junction,North Thomasville,Nebraska,Saint Kitts and Nevis,2023-01-11,%)ZIrdrw7V,1977-04-01 17:27:14
9113,Patricia Walker,gibbsdaniel@example.net,Life president also people determine.,474 Patricia Plaza,Lamfurt,Nevada,Argentina,2012-01-03,n5OM+Q#v^a,1989-06-26 02:06:29
7172,Jamie Bryant,heather39@example.com,Happen mission trip positive however remain.,386 Williams Summit Apt. 423,Maloneton,Missouri,Madagascar,2020-01-16,*XUOTPzq2^,2018-05-23 22:30:34
1818,Paul Smith,kthompson@example.org,Soon dog relationship probably somebody year.,629 Gomez Island Apt. 742,Silvaville,Louisiana,Sao Tome and Principe,2000-03-14,ihTXmefa@3,2003-01-12 08:33:14
1323,Jordan Morales,katie81@example.org,Fund shoulder yard cost moment when look.,30318 Greene Lakes,Caitlinside,Rhode Island,Bouvet Island (Bouvetoya),2004-09-23,Y_LN4S8cQA,1989-05-26 04:42:14
4420,Jessica Romero,fmorales@example.com,Notice head half whom image into newspaper teacher.,081 Liu Gardens,Hermanside,Colorado,Lithuania,1982-09-12,+&47SJ4n$!,1998-08-22 17:25:42
1068,Jeffery Maynard,eburton@example.com,Defense executive official successful quality.,5090 Tate Hollow Suite 807,Wilsonton,New Mexico,Zimbabwe,1987-05-05,w*5_1QBk&^,2007-01-12 12:20:08
5659,Cynthia Nash,lawrence62@example.net,Show way middle necessary.,128 Michelle Route,East Maryburgh,Nebraska,Norfolk Island,2002-09-19,vb!LeG^u&1,2002-01-27 22:27:46
8606,Anthony Jackson,kevinpittman@example.org,Language light service cover return.,3943 Katie Views Suite 480,East Christopher,Alaska,Singapore,1970-08-26,+lsTQiLb@7,2005-12-29 10:47:09
8454,Benjamin Elliott,velazquezjohn@example.com,Big military least station forward sort series.,126 Olson Circle Apt. 479,Bennettstad,Alabama,Heard Island and McDonald Islands,1999-09-18,YR!%2SVrzS,1997-10-14 23:14:44
4482,Heather Pratt,crose@example.org,Federal nation look last collection.,3855 Brian Drive Apt. 029,East Roberttown,New Mexico,Sudan,2004-12-01,(7EVBHz8bI,1999-02-12 17:38:09
7154,Bridget Garrett,kreynolds@example.org,Stay west set service example present cultural well.,4501 Thornton Brooks,West Ronald,Ohio,Madagascar,1974-10-21,q(3$XVvm(W,1996-08-10 06:16:08
9521,Daniel Garcia,nancy15@example.net,About never speech think water.,41321 Hernandez Locks Apt. 980,Port Christopherchester,Indiana,Myanmar,1972-10-09,$q72zWi&54,2019-03-18 18:08:33
7718,Terry Wright,wisemark@example.org,Off side just fill help military season human.,693 Joseph Views,Port Danielborough,Wisconsin,Saudi Arabia,1997-05-11,!1KM!h@lD6,1975-11-05 16:33:01
1780,Angela Smith,melanie32@example.com,Claim marriage candidate game.,19306 Wong Valleys Suite 942,Lake Nina,New York,Grenada,2004-08-22,z6GBcJcI$%,1975-02-12 12:37:58
5209,David Bradley,leachamy@example.org,Million management here.,16895 Michelle Prairie,Johnside,Wyoming,Comoros,1972-12-10,$6N4#vRbUW,1990-11-09 05:06:02
5988,Kimberly Yates,roger79@example.com,Become sort partner focus computer dinner.,8934 Kathleen Bypass Apt. 300,Shannonview,Alabama,Georgia,1983-03-20,ew3IUc3x(8,2017-02-20 22:52:15
1034,Rachel Johnson,hchase@example.com,Street charge matter serve place answer early.,219 Johnson Greens,Rebeccabury,Utah,Japan,1985-07-19,#3UHK(7oLe,1995-11-01 14:53:03
7650,Mrs. Cindy Barker,mary28@example.net,Station in argue gun.,044 Owens Course,New Elizabethfurt,Minnesota,Portugal,2016-01-27,x0Spa4Qz^3,2008-11-30 20:22:54
4523,Alexandra Knox,robert60@example.net,Age might reflect why million hit among.,5253 Megan Ford,Cabreraview,Utah,Sao Tome and Principe,1982-04-02,f_00T@0pS(,1998-09-05 15:06:10
7063,Robin Duncan,ndoyle@example.net,Know reason hair there.,637 Colon Harbor,South Adrienneland,Louisiana,Turkmenistan,1977-11-29,+BGsir3r5m,2004-02-16 00:21:28
8293,Steven King,longmonica@example.net,Business seat site artist.,7137 Jordan Manor Suite 258,Garzachester,Hawaii,Heard Island and McDonald Islands,2010-04-17,@IG1f36l#0,1994-02-10 04:31:48
8629,Robert Jones,jonescameron@example.org,Walk stop really maintain.,2491 Kelly Dam Apt. 100,Laurafurt,Delaware,Algeria,2011-12-07,@LwQNDGi4m,1980-09-17 21:19:38
7699,Candice Lee,nguyenheather@example.org,Physical same police pass.,81630 George Ramp Suite 110,Janemouth,Colorado,Zambia,1991-09-22,#1OpKMeoyG,1970-11-24 21:01:53
7320,Kevin Brooks,ericwerner@example.net,Let against heavy customer to since.,441 Clarke Common,Davidport,Wisconsin,Samoa,1999-10-24,_xn(La0f5^,1979-11-08 21:42:56
7594,Lorraine Moore,cindy97@example.org,Will hour attention rock none.,025 Walton Crescent Suite 641,Saratown,Tennessee,Ghana,1991-07-07,%P+TE4PgMQ,2016-08-15 08:55:14
6118,Ryan Mason,gregoryscott@example.com,Show save that.,962 Brian Lock,Lake Cathystad,Michigan,Jamaica,2014-01-16,o(8C8LZjA0,2011-10-05 20:29:44
4361,Mark Barker,allensamantha@example.org,Southern require cost memory.,76760 William Mountains,Contrerasmouth,Michigan,British Virgin Islands,1973-03-04,^94@#LVx2M,1982-04-18 04:51:53
3615,Joseph Cox,jbuckley@example.com,Man discuss represent plant black person senior.,2172 Patrick Expressway,New Melissahaven,Rhode Island,Congo,1984-03-19,23&z&SjP#l,1997-01-08 22:04:42
7834,Jeffrey Davis,jordanjoseph@example.org,Difficult wife design best.,763 Michael Road,Brianchester,Hawaii,Libyan Arab Jamahiriya,1981-08-24,^Lc44KAp(s,1974-09-22 04:05:23
2266,Jason Barajas,james16@example.org,Spend short consider remain much idea.,28197 Christopher Gateway,West Jenniferfort,Vermont,Mauritania,1974-05-16,!3$o02Y!Vb,2012-10-31 22:56:09
2006,Sue Young,daviskimberly@example.net,Possible young any production.,070 Robert Flat Suite 896,Newtonland,Vermont,Saint Lucia,2022-06-01,+@J7Wgnoru,2014-08-03 19:38:27
921,Kelsey Sparks,brianochoa@example.com,Another simple out.,25220 Marshall Motorway Apt. 262,North Haroldland,Louisiana,Isle of Man,1987-12-12,!WAUkKrli1,1973-02-01 11:59:00
3516,Joshua Rocha,bentonrobert@example.com,Interesting born money child blood.,97386 Bill Mount Apt. 261,Clinemouth,Indiana,Honduras,1990-10-14,2)j9rAmD#N,2001-09-03 22:23:02
2976,Sean Clements,mariahjohnson@example.net,Individual quality I baby economic save.,0853 Tara Hollow,Lambstad,Connecticut,Solomon Islands,1972-06-14,%5LRCzi&f0,2000-07-10 10:29:08
2497,Kevin Martinez,justinschultz@example.com,South power lead medical center effect collection.,665 Harrison Path Suite 066,Wilsonport,Colorado,Sao Tome and Principe,2009-08-15,^G0NG^z0H@,1973-03-10 18:08:14
3680,Jeremy Roy,williamwarren@example.com,Crime animal care end it.,169 Wiley Underpass Suite 098,Matthewshire,Alabama,Saint Barthelemy,1971-02-11,0#or30ApQt,2001-05-25 20:38:35
8118,Monica Jackson,wgordon@example.org,Issue also identify possible voice.,814 Mitchell Vista,Coryport,Nevada,Spain,1970-02-23,_tut9KwHRV,1992-01-07 17:42:19
6965,Ryan Bishop,brianherring@example.net,Agent collection cause her after structure none whether.,7403 Velasquez Forest,South Debramouth,Oregon,Italy,2018-03-13,Va_D1KChM5,1974-01-15 22:20:24
9446,Robert Johnson,jerry59@example.net,Opportunity back movement town.,4483 Nicole Extension Apt. 020,Christopherbury,South Carolina,Sri Lanka,2005-04-05,6&3Mmxkf%9,1991-06-29 12:22:34
8749,Tina Mcdaniel,alexis13@example.org,Argue dinner travel move you film.,291 Love Brook,Lake Anitafort,Mississippi,Nauru,1980-03-04,_16Qbrqiv&,1987-10-08 02:54:59
4488,Sarah Smith,robertgarrison@example.com,Effect expert fund bar with local far anything.,510 Connor Hill,South Claire,Washington,Latvia,2023-11-08,q6p7BEWm_r,1978-10-29 18:33:29
3223,Jill Sandoval,pammiller@example.org,Participant positive young animal usually statement close major.,936 Hernandez Track,Mirandamouth,Utah,Jordan,2007-08-24,t4*S0SxWp*,1980-06-11 18:06:42
4633,Anthony Cooper,stephanie10@example.net,Clearly grow really.,99720 Brooks Fords,South Megan,West Virginia,Paraguay,1982-10-03,(6nSxaPw0_,1997-03-15 16:26:55
4550,Thomas Medina,irodriguez@example.net,Too office western front.,8929 Payne Junctions Apt. 670,South Courtney,Kansas,Seychelles,1990-03-10,U8yWm9Qux$,1975-05-14 12:15:06
2022,Jamie Oliver,ahoffman@example.net,Result mind first.,9177 Shepard Pass,Port Deborahport,Colorado,Poland,1996-02-25,78QWGNwv%W,1996-10-09 14:28:44
3814,Robert Contreras,amanda27@example.com,Night mind know either any.,93309 Cooke Gateway,Ebonyport,Hawaii,Bangladesh,1991-10-06,Q!5JNq6vLr,1993-10-24 06:28:12
1457,Nancy Moore,davisanthony@example.com,Card energy scientist day number human.,56575 Dave Lake,Grayside,Missouri,Guyana,2016-06-12,*l34s8PxXH,1979-08-28 16:01:27
7483,Dylan Novak,amber44@example.com,Respond mother develop control vote.,91496 Mayer Passage Apt. 495,Port Joshuafurt,Maryland,Brunei Darussalam,1997-02-04,X*66UsTszO,1988-11-22 04:59:35
4481,Christopher Arnold,christopher20@example.net,Computer guy test land various live music.,794 Melissa Keys Apt. 749,Port Breannahaven,Georgia,Uzbekistan,2019-01-27,Ft_1RwzUgu,1972-04-06 22:41:02
2122,Joseph Rodriguez,markbuck@example.com,Government star wish community.,5977 Lisa Union Suite 940,Donnastad,Oregon,Namibia,1973-02-20,O7CF(lvU%M,1991-10-13 03:35:23
3684,Michelle Armstrong,panderson@example.net,Summer effort pattern away five word drive.,7007 Sanders Key,East Paula,Hawaii,Iceland,2006-10-15,$T5RUnHs#A,1976-11-07 18:55:47
147,Jason Knight,patrick45@example.com,Somebody window raise answer seat talk.,0950 Perez Locks,Lake Amanda,Tennessee,Montenegro,2005-02-10,b0KVV1oP*X,1978-10-08 16:06:16
1786,Kimberly Knox,kennethtaylor@example.org,Job offer north expect computer husband drop.,959 James Highway,Lynntown,Illinois,Northern Mariana Islands,2004-08-11,6XkED8Zw!2,2022-08-27 18:33:03
8672,Frederick James,brendacasey@example.net,Work two if choose.,40360 Donna Extensions,Mccoyfurt,Delaware,Netherlands,1991-03-26,+qae&B3cV2,1996-12-02 16:58:43
5459,Hannah Gomez,shawncarpenter@example.org,Write man board structure.,859 Pham Brook Suite 404,Katherinehaven,Nebraska,Czech Republic,2014-12-29,d6_e!sEs)G,1977-01-13 03:03:58
3513,Kimberly Bender,nathan97@example.com,Tree able certain difficult.,5301 Kidd Point,West Patrickfort,New Mexico,Mexico,2018-11-28,L0wHrSe^+E,1990-07-21 10:09:17
2404,Jacqueline Cook,joseph83@example.com,Truth large bag need police quality soldier.,61987 Martinez Freeway,Brianfurt,Virginia,Lao People's Democratic Republic,2018-03-30,)@UVyV9@9U,2015-09-14 10:54:25
169,Gary Allen,amanda07@example.org,Represent director especially throw of hand.,52382 Chapman Ferry Suite 305,North Annaview,Wyoming,Korea,1990-12-30,TmJ9TPjGM!,1998-05-27 08:48:24
2638,Lacey Graham,xcantu@example.com,Shoulder public leave want responsibility.,341 Phillips Trafficway Apt. 782,New Joseph,Missouri,Brazil,2017-12-23,@9*WdXOlBj,2001-08-04 04:32:58
2868,Heather Turner,jamesreyes@example.net,Could entire about show form TV.,96359 Joseph Cliffs,Helenmouth,Rhode Island,Indonesia,2009-12-24,@Z0Rnm7ih8,1993-09-17 21:11:51
4352,Jose Cox,dcole@example.org,Where network look mouth hotel practice product.,3501 Martin Causeway,East Mark,Alabama,Equatorial Guinea,1994-07-29,9HSO@3Xkw3,2022-03-08 06:13:17
7337,Mrs. Kathryn Gonzalez MD,jeffreygalloway@example.org,Somebody something strong friend three agreement.,301 Scott Curve,Ericfort,Massachusetts,Guatemala,2007-03-23,$9@DAcap@^,2017-08-10 22:03:27
5739,Chelsey Davis,wilsonsuzanne@example.org,Purpose sit sit smile theory.,9961 Dennis Junctions,East Jessicaton,New Hampshire,Equatorial Guinea,1973-05-08,GQd2Cmzz1@,1992-12-20 14:26:01
8827,Scott Barnes,yorkkathleen@example.org,Crime movie each theory opportunity.,761 Wanda Shoals,Danielfort,Louisiana,Cocos (Keeling) Islands,2006-09-30,&3lHgQfpqS,2009-07-21 03:37:44
5058,Larry Carlson,dwayneshort@example.org,Method say over development enter.,338 Carolyn Ports,Rodriguezmouth,New York,Bahrain,2019-07-28,#0MLJFcdA6,2001-06-20 07:47:33
8289,Veronica Tucker,ewalker@example.org,We pull year bar.,156 Michelle Stravenue,South Lauren,Idaho,Nauru,2013-01-11,v@8Hn6b3GK,2018-01-10 17:58:49
6694,Lori Green,scott43@example.net,Hear radio factor election suggest.,2627 Curtis Falls Suite 215,New Michaelshire,Alaska,Congo,1988-10-30,)WiS)huFA7,2015-07-01 22:04:25
2055,Mark Davis,tanyamccall@example.net,Partner hot so when person admit.,5214 Susan Shoals,North Matthewville,Rhode Island,Seychelles,2000-11-20,_%GZbZiC%2,2023-06-20 21:40:47
9905,Evan Roth,gregorymary@example.com,Idea positive late than attack.,592 Nichole Court Apt. 819,Michellestad,Indiana,Somalia,2003-03-18,nS9ox1Iu)q,2014-05-02 16:17:01
8027,Janet Sanders,hallsheila@example.org,Quickly growth receive dream man.,787 David Ferry,Michaelton,Massachusetts,Guernsey,2015-10-27,_v9Y*_Mrtv,2010-12-06 19:18:25
6307,Steven Pierce,perrydavid@example.net,Million American early sometimes fly sister.,33180 Fernandez Club Suite 886,Lake Nicholas,Arizona,Thailand,1989-09-28,lp0#C)tRP$,1997-06-11 01:49:35
1816,Samuel Fields,markavila@example.net,Majority color seek enjoy issue nothing fall.,989 Phillip Place Suite 718,Lake Tracy,Florida,Timor-Leste,1990-08-28,4P3DiTj!_o,1997-07-26 15:55:08
3582,Jacob Moran,pknox@example.com,Early forget research hit determine out experience.,1153 Kimberly Ville,South Steven,Kansas,Svalbard & Jan Mayen Islands,2015-05-27,2J3si7ecu_,1998-03-11 05:49:28
1932,Jenna Dyer,batesbethany@example.org,Box view first sometimes choose.,63490 Conley Radial Suite 376,Jacksonbury,Minnesota,Korea,2023-08-04,)6Zvj1#V*8,2010-03-25 14:34:37
6800,Justin Barker,vangjennifer@example.com,Some into person training level student.,99953 Brian Roads Apt. 924,North Christopher,Colorado,Oman,2001-11-24,$i9MCGe8_W,1989-03-30 10:37:08
8837,Kerry Watson,thomaslewis@example.org,Nearly available best maybe child high tax.,755 Welch Street,New Elizabethland,New York,Korea,1989-06-05,Xq0bGmo9^L,2010-08-16 05:17:51
7158,John Gordon,apriljohnson@example.com,Thus drop hundred along center ten billion.,2824 Savage Common,South Thomasfurt,Rhode Island,Israel,1983-04-08,7^I+xUo!%!,1980-05-26 13:18:38
7360,Debra Campbell,bradleydouglas@example.net,Eight because brother prevent talk structure.,7775 Jason Port,Nicholsonton,West Virginia,New Zealand,1984-01-10,SyWOruBu#8,2023-04-25 03:36:31
7058,Shaun Lewis,michaelanthony@example.org,Lot inside upon next job make structure miss.,3173 Nathan Plains Suite 948,Freemanside,Mississippi,Timor-Leste,1976-08-19,MZ6OKw_^+%,2018-06-09 11:56:29
3945,Shannon Mcclain,melissa11@example.org,Foot physical tough push drive need tell.,07983 Joy Locks,New Andrewmouth,Michigan,Bulgaria,2018-01-31,*@T!k0Cgr9,1991-12-03 12:14:17
9927,Jacqueline Skinner,donald89@example.com,Road this chair too bar investment century.,0540 Guzman Place,Frederickport,Alabama,Svalbard & Jan Mayen Islands,1977-09-19,W3B8xOtqr),1984-04-11 20:20:44
9678,Tanya Fry,doylemichael@example.com,Room hotel notice garden.,53330 Mann Islands,Lake Melindamouth,New Hampshire,Trinidad and Tobago,1989-03-09,^4EtUwf7yg,1981-01-31 05:40:47
1549,Joseph Romero,christopherlee@example.org,Against rock possible family account environmental suddenly.,360 Rebecca Mills Suite 594,Jacobfurt,Virginia,Saint Helena,1971-01-04,&sN3jqQp8#,1975-07-09 12:48:20
5981,Jack Wang,johnstonjodi@example.net,Fight production defense which born production.,26587 Christopher Vista,North Tiffanyburgh,South Carolina,Anguilla,1991-12-29,fD5LUIrGo),2002-04-10 17:41:07
8221,Adam Hooper,crystalwood@example.net,Industry eat board wide defense present cup over.,2181 Schultz Tunnel,South John,Michigan,Aruba,1991-08-09,&8BAZ9ibon,2019-02-06 02:43:20
4768,Nathaniel Riley,bellison@example.net,Guy political over north scene join.,6964 Willis Station Suite 678,Adamland,Illinois,Liechtenstein,1986-02-16,%6HUJp6^WW,2014-10-02 17:56:18
6794,Haley Johnson,cartereduardo@example.net,Apply run commercial.,3755 Jonathan Crossing Apt. 648,Stewartview,Louisiana,Lao People's Democratic Republic,2005-12-13,a0XyG1qk_O,1981-05-28 13:32:25
7679,Michael Douglas,diane12@example.org,Amount parent feel garden health dog.,808 Jordan Prairie Apt. 148,East Heather,Pennsylvania,Kuwait,2020-04-05,jN2JZ_fc(8,2009-07-24 16:36:27
9415,Morgan Bailey,emily06@example.com,Son scene media in tree but.,11132 Eric Flats Suite 173,South Todd,Kansas,Bouvet Island (Bouvetoya),1977-12-10,hDmc44y7h&,1985-11-16 03:00:05
5453,Kenneth Robinson,adrianbrock@example.org,Economic red collection central.,7823 Brooks Field,East Kerrimouth,Oregon,Singapore,2009-07-12,*X9yB)vfcR,1972-04-23 19:03:17
8465,Anthony Johnson,patricia06@example.net,I plant sound never service serve case.,7858 Simpson Trail,New Susanport,South Carolina,Cambodia,1992-08-19,df2VDWKF2$,2015-10-31 15:20:43
708,John Fields,smithchristy@example.com,Unit return because until stay.,616 Harris Spring,Rachelland,Virginia,Uganda,2010-08-19,$80xA1UuBQ,2015-11-21 14:45:17
4792,Tina Harrison,jennifer43@example.com,Reduce garden large sound left.,47204 Thomas View Apt. 536,Larsonview,Kansas,Honduras,1999-09-22,7n18Pf5x$D,2015-12-19 16:48:05
626,John White,williamsderek@example.org,Report role firm school.,409 Melinda Islands Suite 592,Carpenterport,Louisiana,Cook Islands,1979-04-29,&m&WuT8&5O,2010-01-20 14:00:10
5685,Robert Allen,daniel78@example.net,Tend society again operation look on.,25994 Santos Squares Suite 163,Fishertown,Nebraska,Spain,2003-05-11,b%vPO36s@4,1977-07-20 06:10:25
7442,Karen Martin,cthompson@example.org,It sound painting teach from she girl.,746 Garza Islands,South Peterbury,Indiana,Tuvalu,2004-05-18,+4ohJzs!T&,2019-11-27 10:05:16
3575,Tracy Ray,christophergillespie@example.net,Outside movie half view back.,945 Montes Mall Suite 959,South Allenbury,Kansas,Singapore,1978-06-24,hY_9O3IyA#,2020-04-20 12:05:22
6619,Dustin Lester,carolyntorres@example.net,Require leg before thought.,9444 Thomas Shores Suite 084,Rachelburgh,Alabama,Egypt,2006-03-10,#e9Bygdl(9,2007-05-23 15:37:46
391,Kristina Martinez,randy06@example.com,Indicate office despite industry work write then card.,20498 Chad Ranch Suite 184,New Michaelhaven,Kentucky,Malaysia,2004-09-19,cr)%4SXt58,1980-10-29 19:59:04
8708,Jane Stone,milesmichelle@example.net,Else now reach happen prove clear woman.,997 Allison Dam Apt. 536,New Stacy,North Carolina,Cameroon,1998-04-09,$2ZC4+ps14,1983-10-07 10:14:14
1909,Carrie Taylor,jacksonalison@example.com,Heavy quickly party.,895 Smith Land,South Victoriahaven,Texas,Montserrat,2001-12-28,&9AbDmqH_2,2019-03-16 13:03:59
2365,Kevin Cross,andrea42@example.net,By forward camera agreement rate.,1561 Norris Station Apt. 558,Salazarfurt,Arizona,Guinea,1986-05-09,G^3LZx5ojf,1986-06-10 04:04:08
4988,Elizabeth Rivera,wendyburnett@example.org,Organization Mr material meeting.,9652 Sarah Vista,Daleside,Texas,United States of America,2014-05-15,$8K0zJcw5),2011-02-04 20:58:14
5510,Alan Prince,taraadams@example.org,Event believe those involve.,357 Peterson Route Apt. 769,Laurenburgh,Maryland,Botswana,1994-11-20,qgs7S4Qe!*,2023-11-13 18:54:54
8635,Lorraine Barber,jaystark@example.com,Interview run tonight sport lay call.,983 Alicia Island Suite 984,East Robert,Colorado,Togo,1997-07-23,+7aGfoClbs,2001-05-07 06:26:45
2043,Melissa Schneider,rachel88@example.net,Debate poor save top.,0464 Matthew Plains,West Bobby,Ohio,Montserrat,2014-08-28,(c$63JngMj,1985-04-26 20:15:23
9861,Christian Thomas,nicholasmartinez@example.org,Near middle skill because less fear.,14384 Johns Plains Suite 369,Rachelbury,West Virginia,India,2016-01-06,*0Rs0#eSaD,2011-09-24 14:31:14
3695,Tami Lane,karenflores@example.net,Leg expert sit simply door.,71798 Brian Pine Apt. 759,Robertsonchester,Oregon,Samoa,2010-10-31,N7NE^4gj_W,1979-03-22 14:27:32
3556,Mrs. Erica Gibson,jasonfrench@example.org,Degree least population discussion discuss war.,563 Banks Expressway,East Troy,Alaska,Cameroon,2010-05-26,$3Y)mB^e1I,2024-05-06 04:07:21
989,Larry Levy,valeriegraham@example.com,Great should recently enough power table try.,67467 Bonnie Trail Apt. 888,East Lisaborough,Nevada,Kazakhstan,2009-01-21,g9q@7WQvtz,1971-02-19 19:36:28
4253,Peter Wallace,taylorrichard@example.net,Sound tough crime glass spend.,792 Pacheco Key Suite 581,Davisberg,Kansas,South Africa,1992-10-28,ZEnd!8Zg!K,1998-11-27 03:34:04
4755,Tanya Wilkinson,bryan67@example.com,Recognize popular method watch.,9276 Belinda Isle,Kevinside,Kansas,Taiwan,1976-11-06,WWn0qO(y#6,1987-01-11 10:19:40
5543,Lindsay Ward,patriciakelly@example.net,Out foot actually early choose voice.,480 Peter Bridge,South Julie,Connecticut,Antigua and Barbuda,2013-07-19,V4G5QVta%z,1988-12-21 23:40:21
4356,Jacob Ware,smithandrea@example.net,Author special start edge body central.,02845 Stevenson Mountain,Saraside,Connecticut,Romania,1990-09-05,+K!890Sk96,1992-05-24 14:31:51
875,Tamara Grant,kelly27@example.org,Religious dog need listen style create.,4742 Cheryl Avenue,South Judith,Wisconsin,Maldives,1995-06-30,9+t5wQysL7,1989-04-30 20:51:10
4346,Tracy Schwartz,rbrooks@example.com,Road road worker affect.,0725 Bush Points Suite 004,East Coryborough,North Carolina,Iceland,1994-07-24,%8@N4&LhnX,1977-05-05 16:50:37
4152,Patricia Berger,reyesmegan@example.org,Sense light medical reality weight.,71824 Peggy Club Apt. 478,Kristopherburgh,New York,Kiribati,2008-12-10,*HOjWohlF3,1990-10-04 01:32:15
6047,Kevin Glass,leonard49@example.org,Material day those step.,1230 Gina Ford,Johnsonberg,Michigan,Swaziland,1993-06-12,lerIU2Why(,1994-04-13 07:53:24
9260,Rodney Church,vstewart@example.org,Concern pattern low support thousand.,086 Perez Bridge,Michaelside,Pennsylvania,Mozambique,2003-04-17,N@a5QmlGUv,1980-08-24 19:01:08
1697,Kyle Ortiz,ubrooks@example.org,Answer forward again.,71649 Sandra Loaf,North Brett,New York,Norfolk Island,2020-11-02,4GThKZVs!5,1991-03-17 00:32:03
7338,Rachel Boone,guerrerojoann@example.org,Response Republican must program.,27959 Patel Loop,West Kaitlyn,South Dakota,Saint Vincent and the Grenadines,2004-04-16,^lMhcSjw39,2009-12-10 22:50:25
7014,Michael Payne,petersonanna@example.com,A enter make safe.,1183 Mary Mount,East Timothy,Vermont,French Southern Territories,2014-10-05,lsdtPFe+!9,1974-02-25 04:39:21
2040,Kevin Schultz,oreed@example.com,Style chance through pretty Democrat her.,42935 Garcia Track Apt. 618,Zoechester,Arizona,Greece,2013-06-12,)PX7kRu79*,1999-10-08 21:17:39
89,William Davis,skinnerjessica@example.net,Technology able good city.,01800 Daniel Glens,Webbfurt,Colorado,Dominican Republic,2007-05-24,XN4GXm3!$0,1980-08-04 11:51:23
39,Eric Bell,matthew96@example.org,Agency stuff exactly might black place.,91985 Schmidt Station,Brandtfort,Mississippi,Angola,2022-10-29,!PIl^xUt03,1970-02-27 17:52:03
1474,Brian Robinson,ebailey@example.com,Capital part board themselves read of culture.,6935 Tina Pine,Brittanyside,Tennessee,Yemen,1997-08-04,&J+5Nf$AOu,1975-02-24 17:26:51
1500,Robert Vasquez,markrodriguez@example.net,Resource eight will attack fill debate.,67456 Ian Village,South Michelleburgh,Texas,Guyana,1986-03-22,$to1zUtDNe,1972-07-16 05:38:06
3892,Amanda Mosley,shermanmonica@example.net,Without north pull report upon short how.,54102 Matthew Green,North Daniel,Wyoming,Syrian Arab Republic,2022-08-30,k^u5%KDk6F,1976-11-08 00:32:32
6326,Christopher Flores,pettypeter@example.com,Community true I partner.,7142 Brown Estates Apt. 257,Hallborough,Nebraska,Sri Lanka,2023-05-08,_F#q8)#td+,2008-01-24 10:26:10
4737,Vincent White,robertweber@example.net,Station claim expect against person.,206 Carl Grove,New Diana,Connecticut,Germany,1975-08-10,*bE7PU)l04,1986-08-07 11:32:43
9259,Antonio Rodriguez,walkerconnor@example.net,Middle about picture big language development affect.,221 Kim Loaf Suite 853,Kimberlyfort,Virginia,North Macedonia,2012-10-29,#0xZqP1o+h,1979-04-13 14:47:30
2669,Steven Robles,rebecca57@example.net,Feel capital list accept work behavior fill.,02426 Howe Fords,Julietown,Alabama,Gibraltar,1980-08-20,iRZM)7Ks%G,2018-12-13 10:42:48
3757,Kathleen Ramirez,alvarezstephanie@example.com,Third way education student.,9844 Rebecca Square,South Coreyville,Mississippi,Haiti,2011-02-03,7&GPJs)*!h,2012-12-07 00:40:21
2142,William Zuniga MD,otaylor@example.org,Tough window effort perhaps challenge fear.,9912 Maria Streets,North William,Mississippi,Nauru,1975-07-01,gy4InHEo0!,1978-12-18 10:59:49
2160,Katherine Rodriguez,dicksonbriana@example.org,Of matter action west until expect many.,54328 Smith Wells Suite 367,East Michaelshire,Iowa,Syrian Arab Republic,2020-01-02,@!@1wnRl+c,1972-11-03 12:46:36
893,Jon Hall,monique17@example.org,Race reveal whom house you team.,5638 Tina Brook,Donnaville,West Virginia,Burundi,1975-12-02,31GwzfGa^W,1977-09-19 03:30:40
2988,Sara Adams,gperez@example.org,Couple whether past professional price.,87426 Frost Falls,Harrismouth,Louisiana,Marshall Islands,1998-10-14,a)Njo6Uf$I,1993-02-12 07:34:56
2016,James Jefferson,dakota78@example.net,Appear chance foreign college between senior story.,554 Graham Common,Julieview,Maryland,Iraq,2018-04-11,Z+3I@_^me@,1973-07-27 13:12:56
2933,Wendy Page,umorrison@example.com,Forget behind never painting civil four.,6469 Blair Gateway,South Vernonshire,Idaho,Russian Federation,1973-04-08,8B3N@Yqi&x,2013-08-17 21:05:57
3814,Karen Spencer,quinnamanda@example.com,Wrong car staff recent.,65649 Mcdonald Village,Karenland,Kentucky,Aruba,2016-06-21,5X6rPIeg)(,1970-11-10 00:57:19
9557,Kristen Green,otaylor@example.net,Democrat factor side else month.,5469 Hill Track Suite 287,Port Diana,California,Bolivia,2024-06-02,%p1BY!Dw&T,2006-12-06 15:53:28
6391,Jeffrey Smith,jonessamantha@example.com,Ready foreign avoid marriage city group within.,730 Keith Stream,Hernandezmouth,Michigan,Cape Verde,2021-12-24,*z1hCUMn6w,2008-03-01 14:38:24
2146,Jonathan May,anthonypatrick@example.com,Significant consumer campaign miss forward small.,4750 Mark Vista,Port Andrew,Pennsylvania,Honduras,1981-04-18,AI*6Ybec$$,1992-11-13 12:16:26
5219,Margaret Snow,matthew69@example.net,Sing town community interesting ask end explain east.,8092 Smith Fort Suite 888,Barnetthaven,Mississippi,Malawi,1977-03-05,*bYW_@s+$7,1990-04-12 11:06:52
717,Tyler Smith,shieldsalexandria@example.com,Real within those toward mind special floor.,06654 John Course Suite 116,Port Troy,Florida,Georgia,1978-06-16,q6Ao766@%e,2010-04-14 12:09:26
6154,Ashley Hunter,masonestrada@example.net,Create bill all she interesting.,21940 Daniel Falls Suite 775,East Connieberg,Florida,Belarus,2007-02-18,)a9XVfbsE9,1994-06-24 00:50:49
2343,Ashley Henderson,gomeznicholas@example.org,Vote service per machine practice.,227 Evans Ways Suite 681,Port Sheila,Massachusetts,Barbados,1998-10-21,@s2mTTYivw,1999-12-19 21:40:14
3842,Jason Stewart,lisa57@example.org,Feel decide computer that production eight.,00511 Tara Village,South Tony,Michigan,Puerto Rico,2018-11-07,Hw$5Esw(F),2001-10-27 17:51:15
6495,Kevin Smith,gail18@example.com,Security money and laugh.,059 Paul Canyon,Alexisport,New Jersey,Jersey,2023-09-18,vI^1H(azo&,1984-12-29 01:36:33
7717,Elizabeth Harris MD,john63@example.org,Power lay rock system deep.,0838 David Estates Apt. 972,East Annaside,Missouri,Cuba,2003-07-07,aw5^T%ea)0,2020-02-09 20:51:30
1326,William Perez,davidjohnston@example.org,Left last chance century item each according street.,05970 Lisa Flats Suite 263,South Katherineville,Illinois,Zambia,1982-06-29,_qDM^7PrCe,2011-12-29 23:49:26
3222,Tyler Sherman,djuarez@example.com,Scene car case skin good.,95316 Gabriela Spur,Andersonshire,Maryland,Thailand,2007-11-20,k64OP6Ib_d,1997-07-20 15:56:05
9883,Gabriela White,john62@example.org,Performance trade often executive.,09501 Walker Mills,West Daniel,Missouri,Central African Republic,1983-10-31,#fb1MqcA_7,2010-03-22 07:50:23
5324,Heidi Smith,watsonkimberly@example.org,Woman low suddenly left job open they.,973 Julie Grove Suite 179,West Michael,Nebraska,Guinea,2019-11-19,_DF1oKIw6@,1977-09-26 11:04:37
4617,Madison Williams,sydneyperez@example.org,Number score describe stock everybody throughout finally.,61431 Brady Highway Apt. 847,Williamtown,Nevada,Malaysia,1995-07-29,J0X*aLDx+A,1981-07-06 20:53:44
7322,Leslie Townsend,jasonhawkins@example.org,Responsibility wait than different option.,871 Haley Courts,Aaronmouth,Mississippi,Guyana,2013-01-29,SB#80aAj2H,1981-07-04 20:58:04
4427,Linda Martinez,zerickson@example.com,Idea Mr true choice purpose.,92768 Robert Locks Apt. 233,West Amber,Michigan,Slovenia,1997-09-08,(mJ_wIgk65,2021-11-17 18:37:48
3450,Connie Velez,sguerrero@example.org,Town main author community.,41945 Torres Valleys Apt. 520,Cohenview,Arkansas,Uruguay,2016-10-03,LY%gS5tef!,2008-05-09 05:57:03
14,Craig Johnson,alyssasimmons@example.net,Source remain stand amount.,06424 David Row,Maxwellbury,Rhode Island,Bangladesh,2008-09-20,7rv5_0Df*5,2009-04-07 22:14:43
7709,John Garcia,gweaver@example.net,Before hear administration even memory chance.,29543 Christina Greens,West Roberthaven,South Dakota,Guyana,2016-02-06,2^hF5cNfHD,2024-04-27 17:24:46
4306,Ann George,george35@example.net,Door spring article approach.,3208 Roberta Mountain Apt. 106,East Adamside,Louisiana,Saint Pierre and Miquelon,1975-05-12,ze34hFs2x#,1987-04-06 10:14:56
8646,Paul Hernandez,csmith@example.com,College economy final court wish clearly often treatment.,17965 Thompson Drive Apt. 605,Lake Robert,Kansas,Philippines,1990-10-26,TMb5#IKxd@,2010-03-13 01:50:21
315,Christopher Cantrell,bgould@example.com,Miss bad necessary table mouth raise mission.,358 Craig Drives,Smithchester,Ohio,Benin,1973-10-12,_W5W(g4@3H,2019-08-22 07:19:09
2823,Dr. Jesse Huber,nguyenrebecca@example.net,Sense society laugh you be yet.,9861 Ruth Manor Apt. 438,South Stephanie,Maine,San Marino,2016-07-25,(Hk&Qou9_8,2015-07-28 07:21:33
9835,Lisa Coleman,vlarson@example.net,Last customer expert source.,27455 Shawn Plains,Christopherborough,Pennsylvania,Somalia,1995-01-11,yCI0yeNc*0,1988-09-09 20:26:06
4054,Lori Butler,znash@example.com,Of toward view read.,333 Parker Valleys Apt. 249,Gibsonfurt,South Dakota,Georgia,1975-05-30,%r7WeeXidM,1979-08-08 16:09:22
712,Michelle Newman,danielhernandez@example.com,Fish available far first consider shake other.,02622 Stephen Bridge Apt. 285,Lake Ryanbury,Illinois,Wallis and Futuna,1997-01-02,tniOoprm#6,2017-06-07 19:09:25
8719,Bonnie Smith,xrodriguez@example.com,Station share former choice.,68674 Brent Groves,Banksport,Massachusetts,Vanuatu,2001-09-07,jDX6%Gui!q,1986-12-04 05:03:30
1290,Laura Friedman,dean42@example.net,Plant food thing experience.,983 Sims Vista Apt. 973,Fostershire,Oregon,Malaysia,1994-07-12,dI0Wc_wv!$,2014-09-06 10:52:53
5273,Victoria Norris,qgray@example.com,Attention community fall hope.,1469 Riley Fort,Port Jackie,Nevada,Swaziland,2015-06-21,_!$yRyfJ35,2008-02-04 14:15:41
6555,William Johnson,shanelopez@example.org,Language determine customer key head stock southern.,931 Jeffrey Field,Bakertown,North Carolina,Moldova,1974-06-21,*wsqGkudU1,1974-04-27 11:35:09
730,Roberto Smith,bryantanthony@example.com,Budget tell traditional however back modern three store.,2190 Mark Corners Suite 682,West Annastad,Louisiana,Benin,2007-10-06,!*4P!s1xTF,1988-08-07 20:23:08
2199,Sara Spencer,tkelly@example.com,Tv decide visit model song fear.,41585 Perez Parkways Apt. 688,Lake Valeriehaven,Massachusetts,Sudan,2022-02-15,X8O#cbaa%2,2019-09-07 14:30:30
837,Bradley Reed,bakerchristopher@example.org,Arrive apply white movement husband.,16842 Martinez Loop Suite 939,Jessicamouth,Oklahoma,Qatar,1986-05-07,Q@p6*Ef8Dc,2011-01-16 12:01:17
3831,Megan Ford,xwilliams@example.com,Police book kitchen century approach.,98272 Allen Pass,Wernerborough,New Hampshire,Montenegro,1988-01-03,1@gZ2LCt)s,2008-08-17 01:55:57
8312,Dr. Holly Harris DDS,josephking@example.net,Affect method race sort.,4911 Nicole Burgs Apt. 010,Jillborough,Utah,Martinique,1999-11-04,QjT*3BiHs7,2002-11-24 10:36:46
6851,Willie Schmitt,mullinsmary@example.org,Once though everything.,398 Paul Lights,Pughville,Pennsylvania,Costa Rica,2016-02-23,bFUj006kb*,1986-06-14 01:54:57
835,Jonathan Clayton,thamilton@example.com,Technology worry edge too.,100 Holly Station Suite 158,Port Edward,Nebraska,Japan,1992-08-07,_5TZj2p*bC,2001-10-11 07:46:43
8010,Robert Rodriguez,tanyaanderson@example.com,Sure analysis commercial.,512 Garcia Fall,Linport,Louisiana,Ukraine,2013-03-28,)_9P@dsj0w,1992-01-20 14:09:05
6964,Alyssa Freeman,jenningsclayton@example.net,Black those concern man traditional fear.,7709 Stevenson Fork Suite 166,West Connie,Nebraska,Honduras,1989-02-26,MF#!7ZmUq%,1997-03-29 11:08:07
882,Karen Hicks,kellyryan@example.org,Still house go kitchen here religious share.,08165 Martin Inlet,Horneside,Maryland,Puerto Rico,2024-03-21,P3ILbozP*0,2006-06-23 00:23:54
4649,Thomas Clark,ppadilla@example.org,Report hospital ability between contain address floor.,2218 Jason Hollow Apt. 066,Port Stacey,Delaware,Portugal,2009-10-08,F22UQlyD$n,1998-05-29 16:47:56
812,Mary Christensen,ysanders@example.net,Experience season raise set third another site fly.,18062 Suarez Trafficway,Lake Scott,Oklahoma,Pakistan,2002-07-13,%V*9kUiPlP,1972-11-14 10:53:29
9442,Crystal Gallagher,laurenzimmerman@example.com,Must sport which possible.,8947 Cruz Walk,East Rhonda,New Jersey,Cocos (Keeling) Islands,2005-10-04,!62aP5f$4B,2005-12-09 12:06:45
4317,Mary Garcia,dallen@example.net,Bed trouble interest shake trouble.,4169 Moore Knolls,Sampsonland,Ohio,Norway,2016-03-02,#3o@dQ^vn2,1998-08-03 19:59:08
515,Anthony Taylor,patrick29@example.org,Together something wrong include soldier money company.,38797 Lee Parks,West Matthew,Alaska,Zimbabwe,1998-04-01,Tg0iWAQ6f*,2005-09-12 20:09:59
2847,William Gonzalez,wendyhill@example.net,Myself hope car thus someone.,07286 Gary Village Apt. 700,Halebury,Arkansas,Nicaragua,1979-08-29,C$7WL8souC,2022-04-30 08:20:18
2745,Jasmine Lewis,hicksrebecca@example.org,Tv result should economic marriage.,0204 Amanda Knolls,Port Andrew,Washington,Cyprus,1985-11-08,$9NvZ3wyPc,1975-11-06 00:25:28
34,Adrian Gonzales,bjordan@example.net,Everything behavior base various art.,019 Williamson Summit,West Christopher,Montana,Mexico,2014-12-14,W(VB02Ntkr,2015-07-01 14:42:31
8705,Nicholas Davis,ajones@example.net,Within body participant until.,3996 Carol Ports,North Christinastad,North Dakota,Netherlands Antilles,1979-02-04,b#9Dus&K!8,1983-12-15 13:33:33
4110,Melissa Johnson,barnettsamantha@example.net,Design condition as blue mother like.,6649 John Divide Suite 171,New Hailey,Colorado,Nepal,2014-08-22,!p4l8F)i)n,1998-01-15 11:29:10
3640,Leah Bradley,ibooth@example.com,Eye find land six until should.,4320 Ray Circles,Gabriellabury,Illinois,Timor-Leste,1997-08-16,(025+GnH(@,1998-05-25 12:16:48
5018,Jacqueline Wright,cherylbaldwin@example.org,Still item person speech subject challenge firm crime.,67123 Padilla Courts,Hernandezbury,Texas,Guernsey,1988-08-24,#g(PeNhyU3,2022-05-27 10:37:06
3666,Kimberly Villa,lauraharvey@example.org,Care stay resource conference challenge free.,11361 Sharon Plain Suite 496,Josephchester,Colorado,Fiji,1999-05-14,nQ$W2Qag$G,2013-03-01 15:28:28
8569,Eric Miles,jesse61@example.com,Behavior realize success.,0224 Tina Points,Taylorland,Mississippi,Grenada,2015-09-30,yG00Lx)zF%,1991-08-25 22:22:44
4866,Richard Lee,bryantjustin@example.org,After prepare your head.,974 Johnson Squares Suite 610,East Calebmouth,New Mexico,Seychelles,2016-10-03,2(160Uys#c,1970-02-08 04:55:41
7680,Susan Morgan,edwardsolis@example.org,Fear your doctor across defense out.,9506 Hill Drives Apt. 188,North Michaelshire,Colorado,Denmark,1997-01-29,TpT1EJ_C_$,2019-01-14 15:22:12
8651,Alexandra Dixon,holderselena@example.net,Catch better system according author difference.,6823 Victoria Freeway Suite 085,Leebury,California,Ireland,2021-12-13,yx_s4Qz6)&,2006-03-27 21:59:45
7525,Emily Farrell,patriciarichard@example.org,Early major Congress hundred.,46365 Eric Drive Apt. 435,Payneside,North Carolina,Greenland,2010-09-18,lsAT1MJc*6,2004-07-11 07:27:24
2624,Mariah Harris,mwilliams@example.net,Pull mission long much picture across me child.,2689 Kathleen Shores Suite 913,Davismouth,Nevada,Germany,1987-06-23,_0i4pXEk!n,2009-03-02 10:09:52
743,Jacqueline Huang,ronaldrowe@example.net,Unit where deal where some specific.,2469 Michelle Drive Suite 298,Port Fredview,Nevada,Pitcairn Islands,1980-03-10,sHP4CPun_d,1995-02-06 14:21:54
959,Amy Wise,edward08@example.net,Economy project night allow.,358 Catherine Ranch,Sarahfurt,Minnesota,Rwanda,2008-02-26,VmHqL&Gl%2,1981-04-12 23:45:04
7985,Brooke Cain,swagner@example.org,Product reduce music second question.,39206 Edward Rue Apt. 589,Kennethhaven,Washington,Central African Republic,2011-09-18,L)IL4lZqCz,1995-02-07 11:06:12
9104,Lisa Poole,joseph14@example.net,Around degree partner.,0084 Allison Terrace,Haynesbury,New York,Isle of Man,2019-02-01,0W2LMFk#(&,2001-07-13 11:32:45
7068,Steven Flores,gregmoss@example.org,Media listen responsibility the generation despite.,485 Carrie Crescent Apt. 613,Yangborough,West Virginia,Sri Lanka,2002-08-21,k(5lVFccj_,2011-07-09 17:12:20
3375,Danielle Mason,todd57@example.org,Wife top bad election left there glass.,706 Nathaniel Heights,New Georgeport,South Dakota,Lebanon,1989-07-21,7t(8AHzv#v,1973-10-11 03:09:16
1074,Linda Bailey,shawn72@example.com,Style good tell method.,62391 Nelson Land Suite 521,East Leahfort,Michigan,Antarctica (the territory South of 60 deg S),1995-01-26,$X#NKipr^5,1971-03-31 12:44:31
5479,Michael Miller,molinatina@example.com,Door teach increase company quite part music.,8945 Stephen Walk,East Christytown,North Dakota,Uganda,1993-03-17,%WESnMks06,1987-04-21 06:49:30
4044,Lucas Wilson,kevindavis@example.org,Media build oil hospital mean mother require.,9016 Robert Brooks Apt. 992,Robertsfort,Iowa,Montserrat,2018-11-02,y62S2Dqyx(,1976-02-07 13:09:35
1414,Barbara Marshall,lorireynolds@example.net,Success thing despite approach.,519 Erin Fields Apt. 532,Larryburgh,Missouri,Georgia,1974-03-05,S^5YVpFwLl,2002-05-24 15:38:32
3443,Dominique Short,thomas32@example.org,Certain form its six writer.,38128 Chad Shoal Suite 255,Richardhaven,Washington,Congo,2009-04-01,*nB8gNhqM7,2009-09-09 07:06:29
5534,Tracy Gonzalez,pconway@example.com,Sea president yes board play international.,4308 Murphy Ways Suite 800,Contrerasfurt,Maryland,Bouvet Island (Bouvetoya),2012-10-13,_n8aY7h2QO,2020-10-28 21:27:37
597,Valerie Brown,justin91@example.org,One once gun school guy.,688 Reyes Corner Apt. 913,Sharpfurt,Missouri,Russian Federation,1986-09-23,qIdR7BqOu(,2001-06-23 08:00:53
2612,Michelle Dixon,qmorgan@example.com,Affect course huge today speak about.,65584 Richard Shores Suite 484,East Mistyview,Arkansas,Mali,1993-01-22,F2Q9tirt#m,2002-11-20 23:12:53
1907,Tiffany Burns,sarahsmith@example.com,Especially story artist.,127 Monica Turnpike,New Markhaven,Oklahoma,Bermuda,1999-04-21,(90RMATILt,2018-11-17 03:10:29
179,Christopher Oconnor,rodriguezroger@example.org,Hear single happen close.,678 Timothy Stream Apt. 032,Lake Ericview,Virginia,Christmas Island,1974-01-10,+(5Ad4IBfs,2002-02-27 19:21:06
8727,Mrs. Adriana Burns MD,craigwoodard@example.org,Throw cup weight certainly.,0859 Morgan Circles Suite 536,East Michaelmouth,Florida,Qatar,1999-01-06,(77Og6_gav,2012-11-14 07:58:23
1873,Jessica Castillo,erica15@example.net,Environment parent possible.,67553 Daniel Spring Suite 984,North Antonioshire,Alabama,Slovakia (Slovak Republic),1992-09-29,up+X1@AgXI,1986-04-19 01:28:10
955,Stephanie Miller,dustinliu@example.net,Other figure draw.,656 Steele Parks Apt. 241,West Catherinemouth,Florida,Marshall Islands,2016-09-12,I1X!#Zzm#$,1995-04-14 03:00:23
3259,Jeffrey Miller,ujohnson@example.com,Different region protect allow.,174 Church Harbors,Port Leslie,Kentucky,China,2019-02-23,kY8b_71o0$,2011-03-22 05:53:04
6915,Jerome Stevens,eric17@example.org,Sea laugh nation attention analysis.,53128 Wilson Key,East Royfurt,Texas,Tuvalu,2016-10-29,M4WBo8Zi*g,2004-04-15 19:39:48
2824,Patricia Brooks,beth51@example.org,Edge guy cost environmental other.,9483 Miller Crossroad Apt. 562,Brownbury,Maine,Martinique,2015-07-14,rM05MI)o*u,2005-08-27 07:51:53
3172,Monica Garcia,rodgerssusan@example.com,Magazine international others cold paper across outside.,087 Margaret Burg,West Kimberly,Iowa,United Arab Emirates,2016-03-26,PJ^2BPDopu,1991-11-01 00:01:52
3419,Stephen Mitchell,christopher95@example.net,Federal current finally.,8555 Smith Drives,Stephenschester,Massachusetts,Bangladesh,2008-06-11,$X54Rac*%H,2010-04-25 15:10:10
4404,Megan David,lee32@example.com,Green matter focus indeed structure short carry catch.,83146 Roger Lodge,New Russell,Maine,Slovenia,2012-07-31,(6r(h6Ln5(,2004-06-13 02:22:45
2452,Cameron Garcia,sarah22@example.net,Edge throw edge degree which.,23714 Kevin Underpass,West Whitneyburgh,Arkansas,Tuvalu,1980-04-03,KA%!0Mx(WF,1997-09-23 08:30:28
6973,Daniel Powell,underwoodsharon@example.com,Thought imagine skill half.,25109 Frank Shore,South Wesley,Wisconsin,Macao,1986-10-21,!Pr9Lijd2W,2006-03-03 19:55:19
1706,Mrs. Karen Martinez,christina58@example.org,Board her onto their manager face.,0611 Shawn Roads,New Dana,Hawaii,Lithuania,1990-11-06,@IR4JWrb#n,1973-05-09 20:30:15
8435,Mr. Shawn Booker,kristin10@example.org,Yard figure spring fund place.,75362 Mark Crescent Apt. 428,Woodmouth,Pennsylvania,Egypt,2024-06-06,*s_n1bUe(!,1999-11-02 09:58:44
1966,Phillip Barker,charleschase@example.com,Draw clear he deal responsibility hard.,842 Davis Plains,North Sonya,Tennessee,Algeria,1983-06-28,W3Yi@g9u*%,2008-10-27 10:01:32
3590,Michael Bridges,michelle86@example.com,Win wide environmental official bar building.,86770 Ronald Lake,New Carlberg,Nevada,Norway,1998-01-31,@zR*F_ck4N,1994-03-25 20:21:00
8268,Michelle Ho,jimmy24@example.net,Current forget chair half own federal increase.,23797 Eaton Hill,West Patricialand,Connecticut,Liberia,1985-09-04,+b(SwWys5T,2010-03-10 04:14:57
4692,Robert Sosa,sandrajackson@example.net,Life seek red scientist five voice event.,7432 Wright Walk Apt. 591,New Melissashire,Michigan,Kazakhstan,2002-05-18,(eHXzT%n35,1987-03-16 01:52:42
7810,Chelsea Rivera,ashleewarren@example.com,Choice human talk agent.,761 Robinson Unions,Port Emilyview,West Virginia,Egypt,2022-10-04,ce5DHfb9$^,1980-12-10 01:43:51
9361,Patrick Rojas,allisonvargas@example.org,List quality college.,7548 Powell Valleys,Kingville,Mississippi,Swaziland,2001-05-15,%AGKbb5(E5,2020-01-29 10:55:04
8860,Andrew Palmer,susan13@example.net,Customer around dark matter.,094 Sarah Club Apt. 593,Lake Brettborough,Kentucky,Gambia,2011-12-03,u6gXG3Je*3,1999-12-16 11:31:58
8043,Steven Davidson,jonesanne@example.com,Hair ball produce little what employee local.,4524 Anna Vista,Lake Roy,New Hampshire,Palestinian Territory,2013-08-13,vg(6f@Kn#f,2009-08-31 23:17:22
4443,Scott Holden,barneschristina@example.org,Score heart area purpose.,57971 West Coves,Shawview,Colorado,Hungary,2004-06-21,4IonUG$k*u,1982-03-27 09:42:14
3804,Christopher Mcconnell,brandon89@example.org,Ten four compare also air start talk film.,8419 Rebecca Extensions,North Tony,Ohio,China,2019-01-01,QA9m*CszN+,2005-02-10 15:28:41
9389,Joshua Stanley,wendy67@example.com,Quite page identify partner camera enough.,495 Melissa Ridges Apt. 178,Codybury,Georgia,Burundi,1970-12-22,4#_t6SqpV#,1996-04-12 16:11:41
2733,John Walters,kwhite@example.net,Man design finally.,4798 Michael Grove,South Kaylaside,South Carolina,San Marino,2009-01-26,yVkBSlFo%6,1987-09-22 06:29:35
3967,Thomas Stout,megan10@example.com,Early very religious his.,062 Hess Underpass Suite 510,Port Michele,Maine,Lithuania,1999-12-19,5w)AS#Fr#t,2007-08-17 21:14:29
1240,Brianna Wright,okane@example.com,Response medical toward difference people.,384 Carolyn Prairie Suite 793,Chamberstown,Hawaii,Ecuador,1986-06-21,x7Ml0MRw&A,1976-06-12 11:21:42
1757,Sean Vargas,catherine99@example.net,Receive cost again those evening.,80271 Mendoza Prairie Apt. 384,New Justintown,Hawaii,Qatar,2012-10-12,Z$2n0uQh1^,1984-10-07 15:39:28
908,Kevin Ochoa,sharris@example.com,Whether recognize institution.,0291 Sandoval Rest Suite 080,East Carlaborough,Wisconsin,Morocco,2021-03-17,+2f3MiYLBi,1994-02-27 05:54:27
1773,Joseph Fernandez,elliottsusan@example.org,Kind go far member pretty start.,364 Jordan Trail,Coryberg,Minnesota,Trinidad and Tobago,2018-08-25,^1lhPZbrF5,1984-04-07 04:17:08
4040,Renee Bush,caseyashley@example.org,Just start far hundred rather.,98141 Jones Radial Apt. 612,Davisburgh,Kansas,Guernsey,2001-12-18,2#8Siqjgp!,1992-09-15 13:49:30
9732,William Ford,donnatucker@example.net,As war data small capital.,3957 Kayla Freeway Suite 567,Wangchester,South Carolina,Liberia,1988-10-17,^xUgtsXj30,1992-02-17 13:17:07
2633,Sarah Brown,gonzalezmeghan@example.net,Article suffer go.,9946 Raymond View Suite 458,Debramouth,Minnesota,Norway,2014-01-20,#az6TinyY4,1979-07-01 05:28:17
5535,Colleen Mcdonald,rjohnston@example.net,Team own wide community.,986 Michelle Squares,Seanland,Colorado,Netherlands Antilles,2016-11-06,)_6GRsV04N,2022-05-02 21:31:51
4726,Anne Morgan,jasminebarker@example.org,Have type second skin hit.,832 Castro Cove Suite 315,Allenborough,Ohio,Bahamas,2019-11-23,X38K3*Qfr),2003-07-19 05:22:19
513,Joanne Robinson,tthomas@example.com,Because charge enough no owner task or.,11222 David Village Apt. 405,Brownhaven,Indiana,Kiribati,1988-01-31,C6NnhW_)&5,1986-08-13 12:52:54
3569,Steven Cruz,stevenwhite@example.net,Relate consider marriage go.,36817 Thomas Parks,New Cheyenne,New Jersey,Korea,2022-01-02,%3O%QFSdby,1998-02-24 14:31:49
3311,Zachary Williams,kinghannah@example.org,Religious everything always language.,3616 William Trail,South Scott,Virginia,Equatorial Guinea,1984-03-03,cx%0Nj1wTn,1971-08-14 06:23:13
9353,Jennifer Massey,nmacias@example.org,Place financial not example raise far.,92110 Jackson Inlet Suite 074,Michelleville,Arkansas,French Guiana,2012-10-31,vp5S2v!$(I,2003-10-15 13:57:17
8318,Frederick Hunter,yorkraymond@example.net,Make either attention break yeah window word.,70999 Lee Views Apt. 630,Andrewberg,New Hampshire,Saint Kitts and Nevis,1977-07-26,*9NWwi!kgG,1995-01-23 10:27:33
5856,Aaron Hahn,morgan16@example.net,Doctor task local though difference reach everything.,740 Nichols Coves Suite 144,North Lorraine,Iowa,Japan,2023-09-23,9SASCAi5#Y,1994-11-29 03:19:39
2460,Debra Austin,james95@example.net,Effort east community produce painting paper argue subject.,4215 Judy Hills,Nicholasland,Tennessee,Kiribati,1980-01-17,@9VNXuDbxY,1970-01-13 04:29:26
4300,Sean Nelson,terri86@example.net,More throughout name young.,31613 Krystal Valleys,South Gabrielburgh,Michigan,Togo,1985-12-21,hT#@7Shlkm,2008-02-14 08:39:32
656,Jason Griffin,washingtonlori@example.net,Decision argue still remember leader strong approach.,592 Price Centers,Jeffreyview,Colorado,Ireland,1972-11-24,8+3QHgZN&!,1990-12-25 15:15:25
1404,Rachel Martin,matthewschmidt@example.org,Rich however city plant theory.,601 Brett Circle Suite 050,Jacksonfort,Pennsylvania,Jersey,1992-06-03,F$6nVWwyNO,1985-10-15 03:37:50
8155,Dr. Blake Cameron,christine52@example.net,Society Republican crime traditional rate result.,534 Allen Fort,North Erinport,Illinois,Myanmar,1988-01-08,w8Xs9d43(U,2023-06-14 13:03:45
3049,Tiffany Kennedy,ricardomurphy@example.net,Coach within human chance sing.,9613 Cynthia Passage,Lake Joshuachester,New York,Vietnam,1982-09-24,7s^BKMQc)a,1971-12-11 05:42:49
5742,Charlene Brown,amandajohnson@example.com,Compare tree list serve exactly able person day.,11842 Danielle Gardens,Huynhside,Arkansas,Micronesia,1979-06-28,l0_3EV&mpN,1987-10-14 19:51:45
7393,John Olson,jennifer48@example.com,Brother during song her some less.,3393 Robert Flat Apt. 316,Thomasstad,Wyoming,Colombia,1985-05-16,(r51Ed$ee1,2007-04-02 23:33:28
2581,Jerry Deleon,mauricechurch@example.org,Kitchen type can theory move.,2551 Deanna Corners,Lake Justinchester,New Jersey,Zimbabwe,1978-02-09,O7awVj7v^a,1995-02-12 16:10:08
5453,Teresa Harris,matthewcampbell@example.org,Cover power field million rich.,02348 Smith Knoll,East Edward,Vermont,Wallis and Futuna,1993-07-21,)(F3krTDw1,1975-10-20 20:54:43
4151,Stephanie Hale,james99@example.org,Hotel choose red full throughout show rule.,0066 Hess Summit Apt. 204,South Mikefurt,Hawaii,United Kingdom,2020-06-26,P#i75KxgqP,2003-06-22 01:47:41
6597,Eddie Deleon,tracykirby@example.net,Southern available walk religious possible.,3927 Ward Cape Suite 078,Port Brenda,Montana,Pakistan,2022-03-13,&(8I^MWklQ,1982-02-25 01:12:32
5212,Marilyn Thompson,steven33@example.net,Bad executive fish director what.,7180 Gonzales Walk Apt. 893,Lake Terri,Indiana,Lithuania,1989-10-26,T714Avvw(N,2022-12-25 11:43:32
9406,Leslie Young,chelseashepard@example.net,Try able turn Congress sign wide week.,0557 Amanda Courts,West Alisha,Oklahoma,Anguilla,1996-05-19,O(5SDSwB5$,1983-08-25 04:01:53
7330,Stephanie Price,jyoung@example.com,Sign television man second article.,3571 Sarah Route Suite 095,Marychester,Maryland,Congo,1984-11-08,3XKFYqj%(T,2009-02-12 18:20:30
3797,Melinda Sawyer,brianadams@example.net,Girl everything medical worry report mouth really.,9148 James Extension,Martinezside,Kansas,Paraguay,1981-03-29,87poEFqx*A,2014-03-10 16:43:58
4328,Katie Carson,brenda62@example.com,Remain article morning yourself hot main discover.,99466 Pierce Mountains,East Christopherview,Connecticut,Mauritania,2020-12-10,v$47Zsf$dC,2000-11-17 08:38:52
252,Kenneth Robinson,donna74@example.net,Road commercial number important worker return role.,8378 Turner Mission,Lake Rebecca,Maine,Philippines,1994-11-09,UM99d&LkK%,2007-07-15 14:15:25
3387,Becky Moore,hday@example.net,Certainly cover he how them public training.,5365 Richard Port,Jonathanstad,Alaska,North Macedonia,1979-03-28,+82$SbBZV$,2017-01-12 15:07:42
6368,Elizabeth Jones,tzavala@example.org,Value child get bar.,751 Amanda Divide Apt. 773,Clayside,Florida,Argentina,1970-03-28,4r1iADNys%,1988-12-15 12:15:23
7953,Jennifer Church,timothy34@example.org,Country economic radio build compare.,982 Sarah Mountain Suite 544,South Danielmouth,Virginia,Turkey,2010-01-31,ppB3fQNdC$,1994-05-22 03:47:06
9568,Austin Coleman,petersonheidi@example.org,Politics side truth hope indicate understand finally.,0463 Bernard Parkways,South Donnafurt,Washington,Zimbabwe,1980-02-03,$49GhTkA6F,2001-01-29 12:28:53
5490,Christopher Simpson,josecannon@example.org,Single door you church you seem.,142 Flores Bypass Apt. 866,Sanchezstad,Rhode Island,Chad,2007-04-23,^vD4L1IRz7,2013-06-20 04:06:29
9661,Melanie Pruitt,joshua28@example.org,Price pattern church lead.,5637 Amy Meadows,Jayville,Arizona,Turkey,2020-04-19,#_73ZDw$dN,1993-07-27 05:36:24
2579,James Vaughan Jr.,williskevin@example.com,Individual should sing best early.,9522 Olson Cliffs Suite 367,Lake Matthew,Missouri,Zimbabwe,2021-03-17,s%Qxr9vg@7,2022-07-18 10:20:32
4732,Adam Perry,justinhines@example.com,Institution major protect concern environment.,361 Carson Court Suite 961,Julieview,Massachusetts,Kyrgyz Republic,2004-02-08,$yo11BeHMB,1974-04-10 14:32:47
238,Christian Haney,andersonkimberly@example.org,Add along second worker.,487 Crawford Glens Apt. 016,Janicefort,North Dakota,Serbia,2008-11-18,e)yD5n8t@0,1986-02-24 03:14:54
1817,Lauren Morris,sanchezalexandria@example.net,Store nation management late about whatever soon.,81037 Martin Views,Thomasberg,Arkansas,Georgia,1979-12-15,%2ObA5pnl0,1971-06-16 04:35:46
9998,Christian Garcia,kevans@example.com,Discuss prevent candidate direction produce.,0919 Haley Parkways,New Shannonland,Texas,Jordan,2002-04-24,@SUAjdTC6F,2022-08-12 10:43:01
2961,Mrs. Mary Long DVM,kyle71@example.com,Plant toward program nor read group.,24699 Silva Centers,East Dawn,South Dakota,Uruguay,2016-06-19,#8)Ojfbn86,1973-05-04 01:17:41
2945,Jennifer Butler,cassandrafowler@example.org,Able author treatment.,77241 Gordon River,Pamelaborough,Arizona,Singapore,1971-06-09,0nYOsvn%+l,1989-03-07 02:56:12
4239,Michelle Watson,sandragreen@example.net,Laugh Mrs religious bit wait.,469 Alyssa Springs Apt. 899,North Charles,Alabama,Japan,2012-02-21,%B13jBni5Q,1982-04-10 15:34:06
3706,Stacy Murray,bernardmadison@example.org,Approach interview evidence defense.,667 Lowery Haven,North Susan,Arkansas,Pakistan,1991-06-25,^saTYYQis2,1997-06-27 17:29:34
7156,Patricia Wright MD,williamcarter@example.com,Gas figure world quality must and democratic realize.,65242 Mark Ports Apt. 678,Jamesmouth,Arkansas,Madagascar,2019-08-19,08WRU+c9)K,2003-07-17 20:22:18
1379,Tina Montgomery,vasquezdustin@example.net,Sometimes team democratic administration.,9456 Henry View,Solisview,Kansas,United States of America,1994-01-04,s^1Mt28m+E,2022-01-01 03:34:04
7199,Melissa Anderson,arroyocharles@example.com,Less value happy between.,40192 Garcia Grove,East Geraldville,New Jersey,Netherlands,1991-12-02,QMT8ATGxV!,1998-07-03 10:42:42
8032,Paul Wright Jr.,tmitchell@example.net,Here itself bring yet sometimes.,6311 Warren Prairie Suite 995,Vegatown,Mississippi,United States of America,2006-04-03,#)@&1Bqr@E,2011-06-19 05:11:52
1666,Bryan Wright,johngomez@example.com,Group before possible son direction series.,4843 Jasmine Station,Lake Marvin,North Dakota,Seychelles,1992-02-24,^l6c3SDmLB,2019-02-02 02:54:55
7997,Sean Moore,kellyjohnson@example.com,Energy bar trouble tough.,087 Pope Shoal Apt. 404,Andrewborough,Delaware,Isle of Man,1990-07-07,5&PDl+D5Jb,2004-04-17 18:04:04
8533,Paul Morrison,fwilliams@example.net,Character network movie whom dark although.,5263 Holly Path Suite 823,New Michaelton,Illinois,Kazakhstan,1994-01-03,@b1)!LIxc#,1987-03-08 11:49:28
3346,Paula Chapman,davidjohnson@example.net,He before family according camera itself.,15190 Samuel Road Apt. 733,Mcphersonmouth,Rhode Island,Bulgaria,2003-12-13,_*8RT1oc$!,2019-03-03 02:58:50
2326,James Gonzalez,jacksonmary@example.com,Sit religious management.,253 Graham Mountains,North Teresamouth,Illinois,Myanmar,2018-08-26,y%gPm+fk^5,2008-07-03 19:59:35
3494,David Oliver,adamjohnston@example.org,Dream cell effort want community focus prove keep.,681 Bauer Trail Suite 541,Michelleborough,Montana,Nepal,2023-09-02,+*F05uMmvE,2003-05-24 01:51:47
4507,Bernard Hawkins,frodriguez@example.com,Fire history determine leave message.,0429 Christopher Shoals,South Jacquelinemouth,Massachusetts,Slovakia (Slovak Republic),2019-04-23,)n86WjtF#5,2011-12-18 02:57:43
3078,Melissa Jones,joselawrence@example.net,Meeting Congress billion early.,951 Paula Radial Suite 031,New Brendaburgh,Utah,Gambia,2003-12-17,t8C$jWt6_B,1975-08-20 21:33:44
2528,Denise Montoya,meganlittle@example.com,Change policy candidate he other assume.,68976 Horton Rapid,Sandrastad,Illinois,Kiribati,2000-03-20,R7FKQMqa!T,1995-02-23 12:04:42
533,Connie Horne,vhernandez@example.org,Today most play group well.,52828 Jones Meadows Apt. 126,Singhfort,Washington,Guatemala,1991-04-24,@6!Q)lNqma,1989-11-22 10:35:49
9740,Kim Carr,cynthiasmith@example.org,More decision other place his attack election.,894 Watson Roads Suite 477,Lake Clarenceland,North Carolina,Haiti,1982-02-14,*3bKzxa1nV,1994-04-19 03:56:58
435,Linda Gallegos,connorsmith@example.net,Field top arrive key might.,27150 Michael Path,Maybury,Alabama,Mayotte,1972-06-12,%0GK(uR$i_,2016-10-17 03:40:07
6740,Holly Rosario,albert43@example.org,Race individual down listen force.,335 Timothy Via,Saraton,Michigan,Albania,1977-12-14,@(zA2Px8a0,2003-03-13 18:13:26
129,Elizabeth Francis,annanewton@example.net,Environment help system since market community foot.,92139 Morse Key,Murphyhaven,Vermont,Finland,1983-01-27,4@f0&LQN_k,1978-01-20 08:33:59
8908,Sarah Soto,bryan56@example.com,Lay young bad charge rate sign real.,080 Lori Junction,Lisamouth,Nevada,Eritrea,1987-07-22,!5gBLLtjMR,2018-01-11 22:07:32
205,Scott Ortiz,lgregory@example.com,Sport senior participant.,777 Tammy View,Kaylamouth,Massachusetts,United States of America,2016-05-03,@2*Yousd_^,1994-02-22 09:17:07
4330,Casey Meyers,rprice@example.net,Season positive argue letter million method south.,238 Dougherty Ports Apt. 441,South Matthewtown,Hawaii,Puerto Rico,2006-02-02,#+c2TcjZsa,2013-12-10 04:05:52
4514,Gina Thomas,burnettjerry@example.org,Cut state inside sound safe agency civil.,23569 Stephen Lights,South Stephen,Michigan,Ireland,2010-04-06,lFMcv9YF_5,2014-02-19 12:45:13
4306,Jessica Padilla,bryan40@example.net,In always become draw.,3335 David Oval,Lake Samuelville,Tennessee,Heard Island and McDonald Islands,1989-03-26,x!34DYf@qi,2008-10-23 13:06:41
7304,Michael Hensley,hjennings@example.org,Old student week sing method interesting art.,40183 Ryan Harbors,Lopezville,Minnesota,Belize,2007-12-31,$@!$Oj902y,2020-10-18 14:57:31
5074,Brenda Herrera,barbara16@example.org,Which day we card.,2784 Philip Grove,Salasbury,Nevada,Bosnia and Herzegovina,2009-06-01,6P8Vxzk0&U,2011-09-17 07:36:18
2857,Joy Weaver,hensonsamuel@example.org,Soon treat whether cultural.,319 Maurice Terrace,Ewingberg,Pennsylvania,Malawi,2007-09-29,WF_z92Mb)_,1992-06-28 21:10:19
3769,Cathy Powers,amanda92@example.com,More set necessary it born arrive everybody.,03517 Scott Summit Apt. 465,New Adambury,North Dakota,Angola,1983-02-21,^0WJvANANu,2008-01-19 06:10:26
